[0.000000] (-) TimerEvent: {}
[0.000190] (turtlesim) JobQueued: {'identifier': 'turtlesim', 'dependencies': OrderedDict()}
[0.000236] (turtlesim) JobStarted: {'identifier': 'turtlesim'}
[0.003125] (turtlesim) JobProgress: {'identifier': 'turtlesim', 'progress': 'cmake'}
[0.003404] (turtlesim) Command: {'cmd': ['/usr/bin/cmake', '/home/danivm/TR-Autonomy-0.5-Daniel-Ticau/ros_tutorials/turtlesim', '-DCMAKE_INSTALL_PREFIX=/home/danivm/TR-Autonomy-0.5-Daniel-Ticau/install/turtlesim'], 'cwd': '/home/danivm/TR-Autonomy-0.5-Daniel-Ticau/build/turtlesim', 'env': OrderedDict([('LESSOPEN', '| /usr/bin/lesspipe %s'), ('USER', 'danivm'), ('SSH_CLIENT', '10.0.2.2 55847 22'), ('ZED_ENVIRONMENT', 'worktree-shell'), ('XDG_SESSION_TYPE', 'tty'), ('ROS_APT_SOURCE_VERSION', '1.2.0'), ('SHLVL', '2'), ('LD_LIBRARY_PATH', '/opt/ros/humble/opt/rviz_ogre_vendor/lib:/opt/ros/humble/lib/aarch64-linux-gnu:/opt/ros/humble/lib'), ('MOTD_SHOWN', 'pam'), ('HOME', '/home/danivm'), ('OLDPWD', '/home/danivm'), ('TERM_PROGRAM_VERSION', '1.17.2+stable.349.c8e44cfa7bda9b2e22c8d6934d78969352e7f61a'), ('SSH_TTY', '/dev/pts/0'), ('ZED_TERM', 'true'), ('ROS_PYTHON_VERSION', '3'), ('DBUS_SESSION_BUS_ADDRESS', 'unix:path=/run/user/1000/bus'), ('COLORTERM', 'truecolor'), ('ROS_DISTRO', 'humble'), ('LOGNAME', 'danivm'), ('_', '/usr/bin/colcon'), ('ROS_VERSION', '2'), ('XDG_SESSION_CLASS', 'user'), ('TERM', 'xterm-256color'), ('XDG_SESSION_ID', '2'), ('ROS_LOCALHOST_ONLY', '0'), ('PATH', '/opt/ros/humble/bin:/usr/local/sbin:/usr/local/bin:/usr/sbin:/usr/bin:/sbin:/bin:/usr/games:/usr/local/games:/snap/bin'), ('XDG_RUNTIME_DIR', '/run/user/1000'), ('LANG', 'en_US.UTF-8'), ('LS_COLORS', 'rs=0:di=01;34:ln=01;36:mh=00:pi=40;33:so=01;35:do=01;35:bd=40;33;01:cd=40;33;01:or=40;31;01:mi=00:su=37;41:sg=30;43:ca=30;41:tw=30;42:ow=34;42:st=37;44:ex=01;32:*.tar=01;31:*.tgz=01;31:*.arc=01;31:*.arj=01;31:*.taz=01;31:*.lha=01;31:*.lz4=01;31:*.lzh=01;31:*.lzma=01;31:*.tlz=01;31:*.txz=01;31:*.tzo=01;31:*.t7z=01;31:*.zip=01;31:*.z=01;31:*.dz=01;31:*.gz=01;31:*.lrz=01;31:*.lz=01;31:*.lzo=01;31:*.xz=01;31:*.zst=01;31:*.tzst=01;31:*.bz2=01;31:*.bz=01;31:*.tbz=01;31:*.tbz2=01;31:*.tz=01;31:*.deb=01;31:*.rpm=01;31:*.jar=01;31:*.war=01;31:*.ear=01;31:*.sar=01;31:*.rar=01;31:*.alz=01;31:*.ace=01;31:*.zoo=01;31:*.cpio=01;31:*.7z=01;31:*.rz=01;31:*.cab=01;31:*.wim=01;31:*.swm=01;31:*.dwm=01;31:*.esd=01;31:*.jpg=01;35:*.jpeg=01;35:*.mjpg=01;35:*.mjpeg=01;35:*.gif=01;35:*.bmp=01;35:*.pbm=01;35:*.pgm=01;35:*.ppm=01;35:*.tga=01;35:*.xbm=01;35:*.xpm=01;35:*.tif=01;35:*.tiff=01;35:*.png=01;35:*.svg=01;35:*.svgz=01;35:*.mng=01;35:*.pcx=01;35:*.mov=01;35:*.mpg=01;35:*.mpeg=01;35:*.m2v=01;35:*.mkv=01;35:*.webm=01;35:*.webp=01;35:*.ogm=01;35:*.mp4=01;35:*.m4v=01;35:*.mp4v=01;35:*.vob=01;35:*.qt=01;35:*.nuv=01;35:*.wmv=01;35:*.asf=01;35:*.rm=01;35:*.rmvb=01;35:*.flc=01;35:*.avi=01;35:*.fli=01;35:*.flv=01;35:*.gl=01;35:*.dl=01;35:*.xcf=01;35:*.xwd=01;35:*.yuv=01;35:*.cgm=01;35:*.emf=01;35:*.ogv=01;35:*.ogx=01;35:*.aac=00;36:*.au=00;36:*.flac=00;36:*.m4a=00;36:*.mid=00;36:*.midi=00;36:*.mka=00;36:*.mp3=00;36:*.mpc=00;36:*.ogg=00;36:*.ra=00;36:*.wav=00;36:*.oga=00;36:*.opus=00;36:*.spx=00;36:*.xspf=00;36:'), ('TERM_PROGRAM', 'zed'), ('AMENT_PREFIX_PATH', '/opt/ros/humble'), ('SHELL', '/bin/bash'), ('LESSCLOSE', '/usr/bin/lesspipe %s %s'), ('PWD', '/home/danivm/TR-Autonomy-0.5-Daniel-Ticau/build/turtlesim'), ('SSH_CONNECTION', '10.0.2.2 55847 10.0.2.15 22'), ('XDG_DATA_DIRS', '/usr/share/gnome:/usr/local/share:/usr/share:/var/lib/snapd/desktop'), ('PYTHONPATH', '/opt/ros/humble/lib/python3.10/site-packages:/opt/ros/humble/local/lib/python3.10/dist-packages'), ('COLCON', '1'), ('CMAKE_PREFIX_PATH', '/opt/ros/humble')]), 'shell': False}
[0.072265] (turtlesim) StdoutLine: {'line': b'-- The C compiler identification is GNU 11.4.0\n'}
[0.100177] (-) TimerEvent: {}
[0.106176] (turtlesim) StdoutLine: {'line': b'-- The CXX compiler identification is GNU 11.4.0\n'}
[0.111742] (turtlesim) StdoutLine: {'line': b'-- Detecting C compiler ABI info\n'}
[0.138534] (turtlesim) StdoutLine: {'line': b'-- Detecting C compiler ABI info - done\n'}
[0.141414] (turtlesim) StdoutLine: {'line': b'-- Check for working C compiler: /usr/bin/cc - skipped\n'}
[0.141629] (turtlesim) StdoutLine: {'line': b'-- Detecting C compile features\n'}
[0.142061] (turtlesim) StdoutLine: {'line': b'-- Detecting C compile features - done\n'}
[0.143768] (turtlesim) StdoutLine: {'line': b'-- Detecting CXX compiler ABI info\n'}
[0.170115] (turtlesim) StdoutLine: {'line': b'-- Detecting CXX compiler ABI info - done\n'}
[0.172842] (turtlesim) StdoutLine: {'line': b'-- Check for working CXX compiler: /usr/bin/c++ - skipped\n'}
[0.172977] (turtlesim) StdoutLine: {'line': b'-- Detecting CXX compile features\n'}
[0.173213] (turtlesim) StdoutLine: {'line': b'-- Detecting CXX compile features - done\n'}
[0.174191] (turtlesim) StdoutLine: {'line': b'-- Found ament_cmake: 1.3.14 (/opt/ros/humble/share/ament_cmake/cmake)\n'}
[0.200238] (-) TimerEvent: {}
[0.225315] (turtlesim) StdoutLine: {'line': b'-- Found Python3: /usr/bin/python3 (found version "3.10.12") found components: Interpreter \n'}
[0.256631] (turtlesim) StdoutLine: {'line': b'-- Found ament_index_cpp: 1.4.1 (/opt/ros/humble/share/ament_index_cpp/cmake)\n'}
[0.257193] (turtlesim) StdoutLine: {'line': b'-- Found geometry_msgs: 4.9.2 (/opt/ros/humble/share/geometry_msgs/cmake)\n'}
[0.269889] (turtlesim) StdoutLine: {'line': b'-- Found rosidl_generator_c: 3.1.9 (/opt/ros/humble/share/rosidl_generator_c/cmake)\n'}
[0.271581] (turtlesim) StdoutLine: {'line': b'-- Found rosidl_adapter: 3.1.9 (/opt/ros/humble/share/rosidl_adapter/cmake)\n'}
[0.274277] (turtlesim) StdoutLine: {'line': b'-- Found rosidl_generator_cpp: 3.1.9 (/opt/ros/humble/share/rosidl_generator_cpp/cmake)\n'}
[0.278206] (turtlesim) StdoutLine: {'line': b'-- Using all available rosidl_typesupport_c: rosidl_typesupport_fastrtps_c;rosidl_typesupport_introspection_c\n'}
[0.283282] (turtlesim) StdoutLine: {'line': b'-- Using all available rosidl_typesupport_cpp: rosidl_typesupport_fastrtps_cpp;rosidl_typesupport_introspection_cpp\n'}
[0.300310] (-) TimerEvent: {}
[0.303550] (turtlesim) StdoutLine: {'line': b'-- Found rclcpp: 16.0.19 (/opt/ros/humble/share/rclcpp/cmake)\n'}
[0.314947] (turtlesim) StdoutLine: {'line': b'-- Found rmw_implementation_cmake: 6.1.3 (/opt/ros/humble/share/rmw_implementation_cmake/cmake)\n'}
[0.315873] (turtlesim) StdoutLine: {'line': b'-- Found rmw_fastrtps_cpp: 6.2.10 (/opt/ros/humble/share/rmw_fastrtps_cpp/cmake)\n'}
[0.342223] (turtlesim) StdoutLine: {'line': b'-- Found OpenSSL: /usr/lib/aarch64-linux-gnu/libcrypto.so (found version "3.0.2")  \n'}
[0.354318] (turtlesim) StdoutLine: {'line': b'-- Found FastRTPS: /opt/ros/humble/include  \n'}
[0.369481] (turtlesim) StdoutLine: {'line': b"-- Using RMW implementation 'rmw_fastrtps_cpp' as default\n"}
[0.373513] (turtlesim) StdoutLine: {'line': b'-- Looking for pthread.h\n'}
[0.400423] (-) TimerEvent: {}
[0.401423] (turtlesim) StdoutLine: {'line': b'-- Looking for pthread.h - found\n'}
[0.401553] (turtlesim) StdoutLine: {'line': b'-- Performing Test CMAKE_HAVE_LIBC_PTHREAD\n'}
[0.426542] (turtlesim) StdoutLine: {'line': b'-- Performing Test CMAKE_HAVE_LIBC_PTHREAD - Success\n'}
[0.426994] (turtlesim) StdoutLine: {'line': b'-- Found Threads: TRUE  \n'}
[0.442004] (turtlesim) StdoutLine: {'line': b'-- Found rclcpp_action: 16.0.19 (/opt/ros/humble/share/rclcpp_action/cmake)\n'}
[0.453895] (turtlesim) StdoutLine: {'line': b'-- Found rosidl_default_generators: 1.2.1 (/opt/ros/humble/share/rosidl_default_generators/cmake)\n'}
[0.458633] (turtlesim) StdoutLine: {'line': b'-- Found std_srvs: 4.9.2 (/opt/ros/humble/share/std_srvs/cmake)\n'}
[0.500507] (-) TimerEvent: {}
[0.565572] (turtlesim) StdoutLine: {'line': b'-- Found ament_cmake_ros: 0.10.0 (/opt/ros/humble/share/ament_cmake_ros/cmake)\n'}
[0.600618] (-) TimerEvent: {}
[0.674050] (turtlesim) StdoutLine: {'line': b'-- Using all available rosidl_typesupport_c: rosidl_typesupport_fastrtps_c;rosidl_typesupport_introspection_c\n'}
[0.700704] (-) TimerEvent: {}
[0.715975] (turtlesim) StdoutLine: {'line': b'-- Using all available rosidl_typesupport_cpp: rosidl_typesupport_fastrtps_cpp;rosidl_typesupport_introspection_cpp\n'}
[0.723819] (turtlesim) StdoutLine: {'line': b'-- Found PythonInterp: /usr/bin/python3 (found suitable version "3.10.12", minimum required is "3.6") \n'}
[0.724328] (turtlesim) StdoutLine: {'line': b'-- Found python_cmake_module: 0.10.0 (/opt/ros/humble/share/python_cmake_module/cmake)\n'}
[0.735614] (turtlesim) StdoutLine: {'line': b'-- Found PythonLibs: /usr/lib/aarch64-linux-gnu/libpython3.10.so (found suitable version "3.10.12", minimum required is "3.5") \n'}
[0.735726] (turtlesim) StdoutLine: {'line': b'-- Using PYTHON_EXECUTABLE: /usr/bin/python3\n'}
[0.735755] (turtlesim) StdoutLine: {'line': b'-- Using PYTHON_INCLUDE_DIRS: /usr/include/python3.10\n'}
[0.735784] (turtlesim) StdoutLine: {'line': b'-- Using PYTHON_LIBRARIES: /usr/lib/aarch64-linux-gnu/libpython3.10.so\n'}
[0.742795] (turtlesim) StdoutLine: {'line': b'-- Found PythonExtra: .so  \n'}
[0.783500] (turtlesim) StdoutLine: {'line': b'-- Configuring done\n'}
[0.800788] (-) TimerEvent: {}
[0.810363] (turtlesim) StdoutLine: {'line': b'-- Generating done\n'}
[0.818612] (turtlesim) StdoutLine: {'line': b'-- Build files have been written to: /home/danivm/TR-Autonomy-0.5-Daniel-Ticau/build/turtlesim\n'}
[0.824249] (turtlesim) CommandEnded: {'returncode': 0}
[0.824478] (turtlesim) JobProgress: {'identifier': 'turtlesim', 'progress': 'build'}
[0.825081] (turtlesim) Command: {'cmd': ['/usr/bin/cmake', '--build', '/home/danivm/TR-Autonomy-0.5-Daniel-Ticau/build/turtlesim', '--', '-j5', '-l5'], 'cwd': '/home/danivm/TR-Autonomy-0.5-Daniel-Ticau/build/turtlesim', 'env': OrderedDict([('LESSOPEN', '| /usr/bin/lesspipe %s'), ('USER', 'danivm'), ('SSH_CLIENT', '10.0.2.2 55847 22'), ('ZED_ENVIRONMENT', 'worktree-shell'), ('XDG_SESSION_TYPE', 'tty'), ('ROS_APT_SOURCE_VERSION', '1.2.0'), ('SHLVL', '2'), ('LD_LIBRARY_PATH', '/opt/ros/humble/opt/rviz_ogre_vendor/lib:/opt/ros/humble/lib/aarch64-linux-gnu:/opt/ros/humble/lib'), ('MOTD_SHOWN', 'pam'), ('HOME', '/home/danivm'), ('OLDPWD', '/home/danivm'), ('TERM_PROGRAM_VERSION', '1.17.2+stable.349.c8e44cfa7bda9b2e22c8d6934d78969352e7f61a'), ('SSH_TTY', '/dev/pts/0'), ('ZED_TERM', 'true'), ('ROS_PYTHON_VERSION', '3'), ('DBUS_SESSION_BUS_ADDRESS', 'unix:path=/run/user/1000/bus'), ('COLORTERM', 'truecolor'), ('ROS_DISTRO', 'humble'), ('LOGNAME', 'danivm'), ('_', '/usr/bin/colcon'), ('ROS_VERSION', '2'), ('XDG_SESSION_CLASS', 'user'), ('TERM', 'xterm-256color'), ('XDG_SESSION_ID', '2'), ('ROS_LOCALHOST_ONLY', '0'), ('PATH', '/opt/ros/humble/bin:/usr/local/sbin:/usr/local/bin:/usr/sbin:/usr/bin:/sbin:/bin:/usr/games:/usr/local/games:/snap/bin'), ('XDG_RUNTIME_DIR', '/run/user/1000'), ('LANG', 'en_US.UTF-8'), ('LS_COLORS', 'rs=0:di=01;34:ln=01;36:mh=00:pi=40;33:so=01;35:do=01;35:bd=40;33;01:cd=40;33;01:or=40;31;01:mi=00:su=37;41:sg=30;43:ca=30;41:tw=30;42:ow=34;42:st=37;44:ex=01;32:*.tar=01;31:*.tgz=01;31:*.arc=01;31:*.arj=01;31:*.taz=01;31:*.lha=01;31:*.lz4=01;31:*.lzh=01;31:*.lzma=01;31:*.tlz=01;31:*.txz=01;31:*.tzo=01;31:*.t7z=01;31:*.zip=01;31:*.z=01;31:*.dz=01;31:*.gz=01;31:*.lrz=01;31:*.lz=01;31:*.lzo=01;31:*.xz=01;31:*.zst=01;31:*.tzst=01;31:*.bz2=01;31:*.bz=01;31:*.tbz=01;31:*.tbz2=01;31:*.tz=01;31:*.deb=01;31:*.rpm=01;31:*.jar=01;31:*.war=01;31:*.ear=01;31:*.sar=01;31:*.rar=01;31:*.alz=01;31:*.ace=01;31:*.zoo=01;31:*.cpio=01;31:*.7z=01;31:*.rz=01;31:*.cab=01;31:*.wim=01;31:*.swm=01;31:*.dwm=01;31:*.esd=01;31:*.jpg=01;35:*.jpeg=01;35:*.mjpg=01;35:*.mjpeg=01;35:*.gif=01;35:*.bmp=01;35:*.pbm=01;35:*.pgm=01;35:*.ppm=01;35:*.tga=01;35:*.xbm=01;35:*.xpm=01;35:*.tif=01;35:*.tiff=01;35:*.png=01;35:*.svg=01;35:*.svgz=01;35:*.mng=01;35:*.pcx=01;35:*.mov=01;35:*.mpg=01;35:*.mpeg=01;35:*.m2v=01;35:*.mkv=01;35:*.webm=01;35:*.webp=01;35:*.ogm=01;35:*.mp4=01;35:*.m4v=01;35:*.mp4v=01;35:*.vob=01;35:*.qt=01;35:*.nuv=01;35:*.wmv=01;35:*.asf=01;35:*.rm=01;35:*.rmvb=01;35:*.flc=01;35:*.avi=01;35:*.fli=01;35:*.flv=01;35:*.gl=01;35:*.dl=01;35:*.xcf=01;35:*.xwd=01;35:*.yuv=01;35:*.cgm=01;35:*.emf=01;35:*.ogv=01;35:*.ogx=01;35:*.aac=00;36:*.au=00;36:*.flac=00;36:*.m4a=00;36:*.mid=00;36:*.midi=00;36:*.mka=00;36:*.mp3=00;36:*.mpc=00;36:*.ogg=00;36:*.ra=00;36:*.wav=00;36:*.oga=00;36:*.opus=00;36:*.spx=00;36:*.xspf=00;36:'), ('TERM_PROGRAM', 'zed'), ('AMENT_PREFIX_PATH', '/opt/ros/humble'), ('SHELL', '/bin/bash'), ('LESSCLOSE', '/usr/bin/lesspipe %s %s'), ('PWD', '/home/danivm/TR-Autonomy-0.5-Daniel-Ticau/build/turtlesim'), ('SSH_CONNECTION', '10.0.2.2 55847 10.0.2.15 22'), ('XDG_DATA_DIRS', '/usr/share/gnome:/usr/local/share:/usr/share:/var/lib/snapd/desktop'), ('PYTHONPATH', '/opt/ros/humble/lib/python3.10/site-packages:/opt/ros/humble/local/lib/python3.10/dist-packages'), ('COLCON', '1'), ('CMAKE_PREFIX_PATH', '/opt/ros/humble')]), 'shell': False}
[0.839205] (turtlesim) StdoutLine: {'line': b'[  1%] \x1b[34m\x1b[1mGenerating C code for ROS interfaces\x1b[0m\n'}
[0.841911] (turtlesim) StdoutLine: {'line': b'[  2%] \x1b[34m\x1b[1mGenerating Rust code for ROS interfaces\x1b[0m\n'}
[0.842521] (turtlesim) StdoutLine: {'line': b'[  3%] \x1b[34m\x1b[1mGenerating C++ code for ROS interfaces\x1b[0m\n'}
[0.844651] (turtlesim) StdoutLine: {'line': b'[  3%] Built target ament_cmake_python_copy_turtlesim\n'}
[0.900888] (-) TimerEvent: {}
[0.927803] (turtlesim) StdoutLine: {'line': b'running egg_info\n'}
[0.927975] (turtlesim) StdoutLine: {'line': b'creating turtlesim.egg-info\n'}
[0.928052] (turtlesim) StdoutLine: {'line': b'writing turtlesim.egg-info/PKG-INFO\n'}
[0.928114] (turtlesim) StdoutLine: {'line': b'writing dependency_links to turtlesim.egg-info/dependency_links.txt\n'}
[0.928171] (turtlesim) StdoutLine: {'line': b'writing top-level names to turtlesim.egg-info/top_level.txt\n'}
[0.928234] (turtlesim) StdoutLine: {'line': b"writing manifest file 'turtlesim.egg-info/SOURCES.txt'\n"}
[0.929548] (turtlesim) StdoutLine: {'line': b"reading manifest file 'turtlesim.egg-info/SOURCES.txt'\n"}
[0.929700] (turtlesim) StdoutLine: {'line': b"writing manifest file 'turtlesim.egg-info/SOURCES.txt'\n"}
[0.940772] (turtlesim) StdoutLine: {'line': b'[  3%] Built target ament_cmake_python_build_turtlesim_egg\n'}
[0.989984] (turtlesim) StdoutLine: {'line': b'[  3%] Built target turtlesim__rs\n'}
[1.000961] (-) TimerEvent: {}
[1.101125] (-) TimerEvent: {}
[1.170833] (turtlesim) StdoutLine: {'line': b'[  3%] Built target turtlesim__cpp\n'}
[1.174062] (turtlesim) StdoutLine: {'line': b'[  4%] \x1b[34m\x1b[1mGenerating C++ type support for eProsima Fast-RTPS\x1b[0m\n'}
[1.187487] (turtlesim) StdoutLine: {'line': b'[  5%] \x1b[34m\x1b[1mGenerating C++ introspection for ROS interfaces\x1b[0m\n'}
[1.192380] (turtlesim) StdoutLine: {'line': b'[  6%] \x1b[34m\x1b[1mGenerating C++ type support dispatch for ROS interfaces\x1b[0m\n'}
[1.197589] (turtlesim) StdoutLine: {'line': b'[  7%] \x1b[32mBuilding C object CMakeFiles/turtlesim__rosidl_generator_c.dir/rosidl_generator_c/turtlesim/action/detail/rotate_absolute__functions.c.o\x1b[0m\n'}
[1.197721] (turtlesim) StdoutLine: {'line': b'[  8%] \x1b[32mBuilding C object CMakeFiles/turtlesim__rosidl_generator_c.dir/rosidl_generator_c/turtlesim/msg/detail/color__functions.c.o\x1b[0m\n'}
[1.201197] (-) TimerEvent: {}
[1.226400] (turtlesim) StdoutLine: {'line': b'[  9%] \x1b[32mBuilding C object CMakeFiles/turtlesim__rosidl_generator_c.dir/rosidl_generator_c/turtlesim/msg/detail/pose__functions.c.o\x1b[0m\n'}
[1.244560] (turtlesim) StdoutLine: {'line': b'[ 10%] \x1b[32mBuilding C object CMakeFiles/turtlesim__rosidl_generator_c.dir/rosidl_generator_c/turtlesim/srv/detail/kill__functions.c.o\x1b[0m\n'}
[1.252374] (turtlesim) StdoutLine: {'line': b'[ 11%] \x1b[32mBuilding C object CMakeFiles/turtlesim__rosidl_generator_c.dir/rosidl_generator_c/turtlesim/srv/detail/set_pen__functions.c.o\x1b[0m\n'}
[1.271349] (turtlesim) StdoutLine: {'line': b'[ 12%] \x1b[32mBuilding C object CMakeFiles/turtlesim__rosidl_generator_c.dir/rosidl_generator_c/turtlesim/srv/detail/spawn__functions.c.o\x1b[0m\n'}
[1.274012] (turtlesim) StdoutLine: {'line': b'[ 13%] \x1b[32mBuilding C object CMakeFiles/turtlesim__rosidl_generator_c.dir/rosidl_generator_c/turtlesim/srv/detail/teleport_absolute__functions.c.o\x1b[0m\n'}
[1.293322] (turtlesim) StdoutLine: {'line': b'[ 14%] \x1b[32mBuilding C object CMakeFiles/turtlesim__rosidl_generator_c.dir/rosidl_generator_c/turtlesim/srv/detail/teleport_relative__functions.c.o\x1b[0m\n'}
[1.301274] (-) TimerEvent: {}
[1.314145] (turtlesim) StdoutLine: {'line': b'[ 15%] \x1b[32m\x1b[1mLinking C shared library libturtlesim__rosidl_generator_c.so\x1b[0m\n'}
[1.333271] (turtlesim) StdoutLine: {'line': b'[ 15%] Built target turtlesim__rosidl_generator_c\n'}
[1.336562] (turtlesim) StdoutLine: {'line': b'[ 16%] \x1b[34m\x1b[1mGenerating C introspection for ROS interfaces\x1b[0m\n'}
[1.336635] (turtlesim) StdoutLine: {'line': b'[ 17%] \x1b[34m\x1b[1mGenerating C type support for eProsima Fast-RTPS\x1b[0m\n'}
[1.391747] (turtlesim) StdoutLine: {'line': b'[ 18%] \x1b[32mBuilding CXX object CMakeFiles/turtlesim__rosidl_typesupport_cpp.dir/rosidl_typesupport_cpp/turtlesim/action/rotate_absolute__type_support.cpp.o\x1b[0m\n'}
[1.401366] (-) TimerEvent: {}
[1.456164] (turtlesim) StdoutLine: {'line': b'[ 19%] \x1b[32mBuilding CXX object CMakeFiles/turtlesim__rosidl_typesupport_introspection_cpp.dir/rosidl_typesupport_introspection_cpp/turtlesim/action/detail/rotate_absolute__type_support.cpp.o\x1b[0m\n'}
[1.501463] (-) TimerEvent: {}
[1.505718] (turtlesim) StdoutLine: {'line': b'[ 20%] \x1b[32mBuilding CXX object CMakeFiles/turtlesim__rosidl_typesupport_fastrtps_cpp.dir/rosidl_typesupport_fastrtps_cpp/turtlesim/action/detail/dds_fastrtps/rotate_absolute__type_support.cpp.o\x1b[0m\n'}
[1.591336] (turtlesim) StdoutLine: {'line': b'[ 21%] \x1b[32mBuilding CXX object CMakeFiles/turtlesim__rosidl_typesupport_cpp.dir/rosidl_typesupport_cpp/turtlesim/msg/color__type_support.cpp.o\x1b[0m\n'}
[1.601567] (-) TimerEvent: {}
[1.635152] (turtlesim) StdoutLine: {'line': b'[ 22%] \x1b[32mBuilding C object CMakeFiles/turtlesim__rosidl_typesupport_introspection_c.dir/rosidl_typesupport_introspection_c/turtlesim/action/detail/rotate_absolute__type_support.c.o\x1b[0m\n'}
[1.645927] (turtlesim) StdoutLine: {'line': b'[ 23%] \x1b[32mBuilding CXX object CMakeFiles/turtlesim__rosidl_typesupport_fastrtps_c.dir/rosidl_typesupport_fastrtps_c/turtlesim/action/detail/rotate_absolute__type_support_c.cpp.o\x1b[0m\n'}
[1.659835] (turtlesim) StdoutLine: {'line': b'[ 24%] \x1b[32mBuilding C object CMakeFiles/turtlesim__rosidl_typesupport_introspection_c.dir/rosidl_typesupport_introspection_c/turtlesim/msg/detail/color__type_support.c.o\x1b[0m\n'}
[1.670746] (turtlesim) StdoutLine: {'line': b'[ 25%] \x1b[32mBuilding CXX object CMakeFiles/turtlesim__rosidl_typesupport_introspection_cpp.dir/rosidl_typesupport_introspection_cpp/turtlesim/msg/detail/color__type_support.cpp.o\x1b[0m\n'}
[1.674300] (turtlesim) StdoutLine: {'line': b'[ 26%] \x1b[32mBuilding C object CMakeFiles/turtlesim__rosidl_typesupport_introspection_c.dir/rosidl_typesupport_introspection_c/turtlesim/msg/detail/pose__type_support.c.o\x1b[0m\n'}
[1.683347] (turtlesim) StdoutLine: {'line': b'[ 27%] \x1b[32mBuilding CXX object CMakeFiles/turtlesim__rosidl_typesupport_cpp.dir/rosidl_typesupport_cpp/turtlesim/msg/pose__type_support.cpp.o\x1b[0m\n'}
[1.688498] (turtlesim) StdoutLine: {'line': b'[ 28%] \x1b[32mBuilding C object CMakeFiles/turtlesim__rosidl_typesupport_introspection_c.dir/rosidl_typesupport_introspection_c/turtlesim/srv/detail/kill__type_support.c.o\x1b[0m\n'}
[1.698422] (turtlesim) StdoutLine: {'line': b'[ 29%] \x1b[32mBuilding CXX object CMakeFiles/turtlesim__rosidl_typesupport_fastrtps_cpp.dir/rosidl_typesupport_fastrtps_cpp/turtlesim/msg/detail/dds_fastrtps/color__type_support.cpp.o\x1b[0m\n'}
[1.701650] (-) TimerEvent: {}
[1.703668] (turtlesim) StdoutLine: {'line': b'[ 30%] \x1b[32mBuilding C object CMakeFiles/turtlesim__rosidl_typesupport_introspection_c.dir/rosidl_typesupport_introspection_c/turtlesim/srv/detail/set_pen__type_support.c.o\x1b[0m\n'}
[1.718370] (turtlesim) StdoutLine: {'line': b'[ 31%] \x1b[32mBuilding C object CMakeFiles/turtlesim__rosidl_typesupport_introspection_c.dir/rosidl_typesupport_introspection_c/turtlesim/srv/detail/spawn__type_support.c.o\x1b[0m\n'}
[1.733634] (turtlesim) StdoutLine: {'line': b'[ 32%] \x1b[32mBuilding C object CMakeFiles/turtlesim__rosidl_typesupport_introspection_c.dir/rosidl_typesupport_introspection_c/turtlesim/srv/detail/teleport_absolute__type_support.c.o\x1b[0m\n'}
[1.749251] (turtlesim) StdoutLine: {'line': b'[ 33%] \x1b[32mBuilding C object CMakeFiles/turtlesim__rosidl_typesupport_introspection_c.dir/rosidl_typesupport_introspection_c/turtlesim/srv/detail/teleport_relative__type_support.c.o\x1b[0m\n'}
[1.766725] (turtlesim) StdoutLine: {'line': b'[ 34%] \x1b[32m\x1b[1mLinking C shared library libturtlesim__rosidl_typesupport_introspection_c.so\x1b[0m\n'}
[1.774304] (turtlesim) StdoutLine: {'line': b'[ 35%] \x1b[32mBuilding CXX object CMakeFiles/turtlesim__rosidl_typesupport_cpp.dir/rosidl_typesupport_cpp/turtlesim/srv/kill__type_support.cpp.o\x1b[0m\n'}
[1.778985] (turtlesim) StdoutLine: {'line': b'[ 35%] Built target turtlesim__rosidl_typesupport_introspection_c\n'}
[1.783043] (turtlesim) StdoutLine: {'line': b'[ 36%] \x1b[34m\x1b[1mGenerating C type support dispatch for ROS interfaces\x1b[0m\n'}
[1.785965] (turtlesim) StdoutLine: {'line': b'[ 37%] \x1b[32mBuilding CXX object CMakeFiles/turtlesim__rosidl_typesupport_fastrtps_c.dir/rosidl_typesupport_fastrtps_c/turtlesim/msg/detail/color__type_support_c.cpp.o\x1b[0m\n'}
[1.801742] (-) TimerEvent: {}
[1.808397] (turtlesim) StdoutLine: {'line': b'[ 38%] \x1b[32mBuilding CXX object CMakeFiles/turtlesim__rosidl_typesupport_introspection_cpp.dir/rosidl_typesupport_introspection_cpp/turtlesim/msg/detail/pose__type_support.cpp.o\x1b[0m\n'}
[1.832235] (turtlesim) StdoutLine: {'line': b'[ 39%] \x1b[32mBuilding CXX object CMakeFiles/turtlesim__rosidl_typesupport_fastrtps_cpp.dir/rosidl_typesupport_fastrtps_cpp/turtlesim/msg/detail/dds_fastrtps/pose__type_support.cpp.o\x1b[0m\n'}
[1.863533] (turtlesim) StdoutLine: {'line': b'[ 40%] \x1b[32mBuilding CXX object CMakeFiles/turtlesim__rosidl_typesupport_cpp.dir/rosidl_typesupport_cpp/turtlesim/srv/set_pen__type_support.cpp.o\x1b[0m\n'}
[1.899409] (turtlesim) StdoutLine: {'line': b'[ 41%] \x1b[32mBuilding CXX object CMakeFiles/turtlesim__rosidl_typesupport_fastrtps_c.dir/rosidl_typesupport_fastrtps_c/turtlesim/msg/detail/pose__type_support_c.cpp.o\x1b[0m\n'}
[1.901846] (-) TimerEvent: {}
[1.933720] (turtlesim) StdoutLine: {'line': b'[ 42%] \x1b[32mBuilding CXX object CMakeFiles/turtlesim__rosidl_typesupport_introspection_cpp.dir/rosidl_typesupport_introspection_cpp/turtlesim/srv/detail/kill__type_support.cpp.o\x1b[0m\n'}
[1.955175] (turtlesim) StdoutLine: {'line': b'[ 43%] \x1b[32mBuilding CXX object CMakeFiles/turtlesim__rosidl_typesupport_cpp.dir/rosidl_typesupport_cpp/turtlesim/srv/spawn__type_support.cpp.o\x1b[0m\n'}
[1.969576] (turtlesim) StdoutLine: {'line': b'[ 44%] \x1b[32mBuilding CXX object CMakeFiles/turtlesim__rosidl_typesupport_fastrtps_cpp.dir/rosidl_typesupport_fastrtps_cpp/turtlesim/srv/detail/dds_fastrtps/kill__type_support.cpp.o\x1b[0m\n'}
[1.985978] (turtlesim) StdoutLine: {'line': b'[ 45%] \x1b[32mBuilding CXX object CMakeFiles/turtlesim__rosidl_typesupport_c.dir/rosidl_typesupport_c/turtlesim/action/rotate_absolute__type_support.cpp.o\x1b[0m\n'}
[2.001949] (-) TimerEvent: {}
[2.005032] (turtlesim) StdoutLine: {'line': b'[ 46%] \x1b[32mBuilding CXX object CMakeFiles/turtlesim__rosidl_typesupport_c.dir/rosidl_typesupport_c/turtlesim/msg/color__type_support.cpp.o\x1b[0m\n'}
[2.012643] (turtlesim) StdoutLine: {'line': b'[ 47%] \x1b[32mBuilding CXX object CMakeFiles/turtlesim__rosidl_typesupport_fastrtps_c.dir/rosidl_typesupport_fastrtps_c/turtlesim/srv/detail/kill__type_support_c.cpp.o\x1b[0m\n'}
[2.018229] (turtlesim) StdoutLine: {'line': b'[ 48%] \x1b[32mBuilding CXX object CMakeFiles/turtlesim__rosidl_typesupport_c.dir/rosidl_typesupport_c/turtlesim/msg/pose__type_support.cpp.o\x1b[0m\n'}
[2.030778] (turtlesim) StdoutLine: {'line': b'[ 49%] \x1b[32mBuilding CXX object CMakeFiles/turtlesim__rosidl_typesupport_c.dir/rosidl_typesupport_c/turtlesim/srv/kill__type_support.cpp.o\x1b[0m\n'}
[2.044498] (turtlesim) StdoutLine: {'line': b'[ 50%] \x1b[32mBuilding CXX object CMakeFiles/turtlesim__rosidl_typesupport_c.dir/rosidl_typesupport_c/turtlesim/srv/set_pen__type_support.cpp.o\x1b[0m\n'}
[2.046950] (turtlesim) StdoutLine: {'line': b'[ 51%] \x1b[32mBuilding CXX object CMakeFiles/turtlesim__rosidl_typesupport_cpp.dir/rosidl_typesupport_cpp/turtlesim/srv/teleport_absolute__type_support.cpp.o\x1b[0m\n'}
[2.056710] (turtlesim) StdoutLine: {'line': b'[ 52%] \x1b[32mBuilding CXX object CMakeFiles/turtlesim__rosidl_typesupport_c.dir/rosidl_typesupport_c/turtlesim/srv/spawn__type_support.cpp.o\x1b[0m\n'}
[2.064145] (turtlesim) StdoutLine: {'line': b'[ 53%] \x1b[32mBuilding CXX object CMakeFiles/turtlesim__rosidl_typesupport_introspection_cpp.dir/rosidl_typesupport_introspection_cpp/turtlesim/srv/detail/set_pen__type_support.cpp.o\x1b[0m\n'}
[2.071292] (turtlesim) StdoutLine: {'line': b'[ 54%] \x1b[32mBuilding CXX object CMakeFiles/turtlesim__rosidl_typesupport_c.dir/rosidl_typesupport_c/turtlesim/srv/teleport_absolute__type_support.cpp.o\x1b[0m\n'}
[2.084479] (turtlesim) StdoutLine: {'line': b'[ 55%] \x1b[32mBuilding CXX object CMakeFiles/turtlesim__rosidl_typesupport_c.dir/rosidl_typesupport_c/turtlesim/srv/teleport_relative__type_support.cpp.o\x1b[0m\n'}
[2.097465] (turtlesim) StdoutLine: {'line': b'[ 56%] \x1b[32m\x1b[1mLinking CXX shared library libturtlesim__rosidl_typesupport_c.so\x1b[0m\n'}
[2.102037] (-) TimerEvent: {}
[2.107007] (turtlesim) StdoutLine: {'line': b'[ 57%] \x1b[32mBuilding CXX object CMakeFiles/turtlesim__rosidl_typesupport_fastrtps_cpp.dir/rosidl_typesupport_fastrtps_cpp/turtlesim/srv/detail/dds_fastrtps/set_pen__type_support.cpp.o\x1b[0m\n'}
[2.114639] (turtlesim) StdoutLine: {'line': b'[ 57%] Built target turtlesim__rosidl_typesupport_c\n'}
[2.118158] (turtlesim) StdoutLine: {'line': b'[ 58%] \x1b[32mBuilding CXX object CMakeFiles/turtlesim__rosidl_typesupport_fastrtps_cpp.dir/rosidl_typesupport_fastrtps_cpp/turtlesim/srv/detail/dds_fastrtps/spawn__type_support.cpp.o\x1b[0m\n'}
[2.136877] (turtlesim) StdoutLine: {'line': b'[ 59%] \x1b[32mBuilding CXX object CMakeFiles/turtlesim__rosidl_typesupport_cpp.dir/rosidl_typesupport_cpp/turtlesim/srv/teleport_relative__type_support.cpp.o\x1b[0m\n'}
[2.140516] (turtlesim) StdoutLine: {'line': b'[ 60%] \x1b[32mBuilding CXX object CMakeFiles/turtlesim__rosidl_typesupport_fastrtps_c.dir/rosidl_typesupport_fastrtps_c/turtlesim/srv/detail/set_pen__type_support_c.cpp.o\x1b[0m\n'}
[2.192064] (turtlesim) StdoutLine: {'line': b'[ 61%] \x1b[32mBuilding CXX object CMakeFiles/turtlesim__rosidl_typesupport_introspection_cpp.dir/rosidl_typesupport_introspection_cpp/turtlesim/srv/detail/spawn__type_support.cpp.o\x1b[0m\n'}
[2.202136] (-) TimerEvent: {}
[2.226088] (turtlesim) StdoutLine: {'line': b'[ 62%] \x1b[32m\x1b[1mLinking CXX shared library libturtlesim__rosidl_typesupport_cpp.so\x1b[0m\n'}
[2.242043] (turtlesim) StdoutLine: {'line': b'[ 62%] Built target turtlesim__rosidl_typesupport_cpp\n'}
[2.245729] (turtlesim) StdoutLine: {'line': b'[ 64%] \x1b[34m\x1b[1mGenerating include/turtlesim/moc_turtle_frame.cpp\x1b[0m\n'}
[2.245818] (turtlesim) StdoutLine: {'line': b'[ 64%] \x1b[32mBuilding CXX object CMakeFiles/turtlesim__rosidl_typesupport_fastrtps_cpp.dir/rosidl_typesupport_fastrtps_cpp/turtlesim/srv/detail/dds_fastrtps/teleport_absolute__type_support.cpp.o\x1b[0m\n'}
[2.255073] (turtlesim) StdoutLine: {'line': b'[ 65%] \x1b[32mBuilding CXX object CMakeFiles/turtlesim__rosidl_typesupport_fastrtps_cpp.dir/rosidl_typesupport_fastrtps_cpp/turtlesim/srv/detail/dds_fastrtps/teleport_relative__type_support.cpp.o\x1b[0m\n'}
[2.255277] (turtlesim) StdoutLine: {'line': b'[ 66%] \x1b[32mBuilding CXX object CMakeFiles/turtlesim__rosidl_typesupport_fastrtps_c.dir/rosidl_typesupport_fastrtps_c/turtlesim/srv/detail/spawn__type_support_c.cpp.o\x1b[0m\n'}
[2.296946] (turtlesim) StdoutLine: {'line': b'[ 67%] \x1b[32mBuilding CXX object CMakeFiles/turtlesim_node.dir/src/turtlesim.cpp.o\x1b[0m\n'}
[2.302234] (-) TimerEvent: {}
[2.322154] (turtlesim) StdoutLine: {'line': b'[ 68%] \x1b[32mBuilding CXX object CMakeFiles/turtlesim__rosidl_typesupport_introspection_cpp.dir/rosidl_typesupport_introspection_cpp/turtlesim/srv/detail/teleport_absolute__type_support.cpp.o\x1b[0m\n'}
[2.381342] (turtlesim) StdoutLine: {'line': b'[ 70%] \x1b[32mBuilding CXX object CMakeFiles/turtlesim__rosidl_typesupport_introspection_cpp.dir/rosidl_typesupport_introspection_cpp/turtlesim/srv/detail/teleport_relative__type_support.cpp.o\x1b[0m\n'}
[2.381465] (turtlesim) StdoutLine: {'line': b'[ 70%] \x1b[32mBuilding CXX object CMakeFiles/turtlesim__rosidl_typesupport_fastrtps_c.dir/rosidl_typesupport_fastrtps_c/turtlesim/srv/detail/teleport_absolute__type_support_c.cpp.o\x1b[0m\n'}
[2.393979] (turtlesim) StdoutLine: {'line': b'[ 71%] \x1b[32m\x1b[1mLinking CXX shared library libturtlesim__rosidl_typesupport_fastrtps_cpp.so\x1b[0m\n'}
[2.402334] (-) TimerEvent: {}
[2.437757] (turtlesim) StdoutLine: {'line': b'[ 71%] Built target turtlesim__rosidl_typesupport_fastrtps_cpp\n'}
[2.444613] (turtlesim) StdoutLine: {'line': b'[ 72%] \x1b[32mBuilding CXX object CMakeFiles/turtle_teleop_key.dir/tutorials/teleop_turtle_key.cpp.o\x1b[0m\n'}
[2.456241] (turtlesim) StdoutLine: {'line': b'[ 73%] \x1b[32mBuilding CXX object CMakeFiles/draw_square.dir/tutorials/draw_square.cpp.o\x1b[0m\n'}
[2.500076] (turtlesim) StdoutLine: {'line': b'[ 74%] \x1b[32mBuilding CXX object CMakeFiles/turtlesim__rosidl_typesupport_fastrtps_c.dir/rosidl_typesupport_fastrtps_c/turtlesim/srv/detail/teleport_relative__type_support_c.cpp.o\x1b[0m\n'}
[2.502422] (-) TimerEvent: {}
[2.520596] (turtlesim) StdoutLine: {'line': b'[ 75%] \x1b[32m\x1b[1mLinking CXX shared library libturtlesim__rosidl_typesupport_introspection_cpp.so\x1b[0m\n'}
[2.548373] (turtlesim) StdoutLine: {'line': b'[ 75%] Built target turtlesim__rosidl_typesupport_introspection_cpp\n'}
[2.555416] (turtlesim) StdoutLine: {'line': b'[ 76%] \x1b[32mBuilding CXX object CMakeFiles/mimic.dir/tutorials/mimic.cpp.o\x1b[0m\n'}
[2.602533] (-) TimerEvent: {}
[2.620232] (turtlesim) StdoutLine: {'line': b'[ 77%] \x1b[32m\x1b[1mLinking CXX shared library libturtlesim__rosidl_typesupport_fastrtps_c.so\x1b[0m\n'}
[2.649214] (turtlesim) StdoutLine: {'line': b'[ 77%] Built target turtlesim__rosidl_typesupport_fastrtps_c\n'}
[2.656481] (turtlesim) StdoutLine: {'line': b'[ 77%] Built target turtlesim\n'}
[2.662889] (turtlesim) StdoutLine: {'line': b'[ 78%] \x1b[34m\x1b[1mGenerating Python code for ROS interfaces\x1b[0m\n'}
[2.702629] (-) TimerEvent: {}
[2.802875] (-) TimerEvent: {}
[2.903132] (-) TimerEvent: {}
[3.003494] (-) TimerEvent: {}
[3.104031] (-) TimerEvent: {}
[3.204280] (-) TimerEvent: {}
[3.304525] (-) TimerEvent: {}
[3.335860] (turtlesim) StdoutLine: {'line': b'[ 78%] Built target turtlesim__py\n'}
[3.343395] (turtlesim) StdoutLine: {'line': b'[ 79%] \x1b[32mBuilding C object CMakeFiles/turtlesim__rosidl_generator_py.dir/rosidl_generator_py/turtlesim/action/_rotate_absolute_s.c.o\x1b[0m\n'}
[3.404659] (-) TimerEvent: {}
[3.445780] (turtlesim) StdoutLine: {'line': b'[ 80%] \x1b[32mBuilding C object CMakeFiles/turtlesim__rosidl_generator_py.dir/rosidl_generator_py/turtlesim/msg/_color_s.c.o\x1b[0m\n'}
[3.488836] (turtlesim) StdoutLine: {'line': b'[ 81%] \x1b[32mBuilding C object CMakeFiles/turtlesim__rosidl_generator_py.dir/rosidl_generator_py/turtlesim/msg/_pose_s.c.o\x1b[0m\n'}
[3.504746] (-) TimerEvent: {}
[3.538763] (turtlesim) StdoutLine: {'line': b'[ 82%] \x1b[32mBuilding C object CMakeFiles/turtlesim__rosidl_generator_py.dir/rosidl_generator_py/turtlesim/srv/_kill_s.c.o\x1b[0m\n'}
[3.582310] (turtlesim) StdoutLine: {'line': b'[ 83%] \x1b[32mBuilding C object CMakeFiles/turtlesim__rosidl_generator_py.dir/rosidl_generator_py/turtlesim/srv/_set_pen_s.c.o\x1b[0m\n'}
[3.604842] (-) TimerEvent: {}
[3.625714] (turtlesim) StdoutLine: {'line': b'[ 84%] \x1b[32mBuilding C object CMakeFiles/turtlesim__rosidl_generator_py.dir/rosidl_generator_py/turtlesim/srv/_spawn_s.c.o\x1b[0m\n'}
[3.670748] (turtlesim) StdoutLine: {'line': b'[ 85%] \x1b[32mBuilding C object CMakeFiles/turtlesim__rosidl_generator_py.dir/rosidl_generator_py/turtlesim/srv/_teleport_absolute_s.c.o\x1b[0m\n'}
[3.704922] (-) TimerEvent: {}
[3.714070] (turtlesim) StdoutLine: {'line': b'[ 86%] \x1b[32mBuilding C object CMakeFiles/turtlesim__rosidl_generator_py.dir/rosidl_generator_py/turtlesim/srv/_teleport_relative_s.c.o\x1b[0m\n'}
[3.762062] (turtlesim) StdoutLine: {'line': b'[ 87%] \x1b[32m\x1b[1mLinking C shared library rosidl_generator_py/turtlesim/libturtlesim__rosidl_generator_py.so\x1b[0m\n'}
[3.785847] (turtlesim) StdoutLine: {'line': b'[ 87%] Built target turtlesim__rosidl_generator_py\n'}
[3.789812] (turtlesim) StdoutLine: {'line': b'[ 88%] \x1b[32mBuilding CXX object CMakeFiles/turtlesim_node.dir/src/turtle.cpp.o\x1b[0m\n'}
[3.805023] (-) TimerEvent: {}
[3.905257] (-) TimerEvent: {}
[4.005479] (-) TimerEvent: {}
[4.040601] (turtlesim) StdoutLine: {'line': b'[ 89%] \x1b[32mBuilding CXX object CMakeFiles/turtlesim_node.dir/src/turtle_frame.cpp.o\x1b[0m\n'}
[4.105588] (-) TimerEvent: {}
[4.205872] (-) TimerEvent: {}
[4.306168] (-) TimerEvent: {}
[4.406439] (-) TimerEvent: {}
[4.506706] (-) TimerEvent: {}
[4.606987] (-) TimerEvent: {}
[4.707284] (-) TimerEvent: {}
[4.710681] (turtlesim) StdoutLine: {'line': b'[ 90%] \x1b[32m\x1b[1mLinking CXX executable turtle_teleop_key\x1b[0m\n'}
[4.807376] (-) TimerEvent: {}
[4.886491] (turtlesim) StdoutLine: {'line': b'[ 90%] Built target turtle_teleop_key\n'}
[4.893179] (turtlesim) StdoutLine: {'line': b'[ 91%] \x1b[32mBuilding C object CMakeFiles/turtlesim__rosidl_typesupport_fastrtps_c__pyext.dir/rosidl_generator_py/turtlesim/_turtlesim_s.ep.rosidl_typesupport_fastrtps_c.c.o\x1b[0m\n'}
[4.907478] (-) TimerEvent: {}
[4.956397] (turtlesim) StdoutLine: {'line': b'[ 92%] \x1b[32m\x1b[1mLinking C shared library rosidl_generator_py/turtlesim/turtlesim_s__rosidl_typesupport_fastrtps_c.cpython-310-aarch64-linux-gnu.so\x1b[0m\n'}
[4.971516] (turtlesim) StdoutLine: {'line': b'[ 92%] Built target turtlesim__rosidl_typesupport_fastrtps_c__pyext\n'}
[4.979432] (turtlesim) StdoutLine: {'line': b'[ 93%] \x1b[32mBuilding C object CMakeFiles/turtlesim__rosidl_typesupport_introspection_c__pyext.dir/rosidl_generator_py/turtlesim/_turtlesim_s.ep.rosidl_typesupport_introspection_c.c.o\x1b[0m\n'}
[5.007569] (-) TimerEvent: {}
[5.038768] (turtlesim) StdoutLine: {'line': b'[ 94%] \x1b[32m\x1b[1mLinking C shared library rosidl_generator_py/turtlesim/turtlesim_s__rosidl_typesupport_introspection_c.cpython-310-aarch64-linux-gnu.so\x1b[0m\n'}
[5.054424] (turtlesim) StdoutLine: {'line': b'[ 94%] Built target turtlesim__rosidl_typesupport_introspection_c__pyext\n'}
[5.073106] (turtlesim) StdoutLine: {'line': b'[ 95%] \x1b[32mBuilding C object CMakeFiles/turtlesim__rosidl_typesupport_c__pyext.dir/rosidl_generator_py/turtlesim/_turtlesim_s.ep.rosidl_typesupport_c.c.o\x1b[0m\n'}
[5.107690] (-) TimerEvent: {}
[5.137868] (turtlesim) StdoutLine: {'line': b'[ 96%] \x1b[32m\x1b[1mLinking C shared library rosidl_generator_py/turtlesim/turtlesim_s__rosidl_typesupport_c.cpython-310-aarch64-linux-gnu.so\x1b[0m\n'}
[5.154151] (turtlesim) StdoutLine: {'line': b'[ 96%] Built target turtlesim__rosidl_typesupport_c__pyext\n'}
[5.157505] (turtlesim) StdoutLine: {'line': b'[ 97%] \x1b[32mBuilding CXX object CMakeFiles/turtlesim_node.dir/include/turtlesim/moc_turtle_frame.cpp.o\x1b[0m\n'}
[5.207777] (-) TimerEvent: {}
[5.307985] (-) TimerEvent: {}
[5.408201] (-) TimerEvent: {}
[5.508418] (-) TimerEvent: {}
[5.608624] (-) TimerEvent: {}
[5.708840] (-) TimerEvent: {}
[5.809068] (-) TimerEvent: {}
[5.907329] (turtlesim) StdoutLine: {'line': b'[ 98%] \x1b[32m\x1b[1mLinking CXX executable draw_square\x1b[0m\n'}
[5.909162] (-) TimerEvent: {}
[6.009356] (-) TimerEvent: {}
[6.016448] (turtlesim) StdoutLine: {'line': b'[ 99%] \x1b[32m\x1b[1mLinking CXX executable mimic\x1b[0m\n'}
[6.109483] (-) TimerEvent: {}
[6.162841] (turtlesim) StdoutLine: {'line': b'[ 99%] Built target draw_square\n'}
[6.209570] (-) TimerEvent: {}
[6.236887] (turtlesim) StdoutLine: {'line': b'[ 99%] Built target mimic\n'}
[6.310214] (-) TimerEvent: {}
[6.411387] (-) TimerEvent: {}
[6.511608] (-) TimerEvent: {}
[6.612128] (-) TimerEvent: {}
[6.712401] (-) TimerEvent: {}
[6.812667] (-) TimerEvent: {}
[6.912875] (-) TimerEvent: {}
[7.014461] (-) TimerEvent: {}
[7.118885] (-) TimerEvent: {}
[7.219803] (-) TimerEvent: {}
[7.319993] (-) TimerEvent: {}
[7.424373] (-) TimerEvent: {}
[7.524589] (-) TimerEvent: {}
[7.624784] (-) TimerEvent: {}
[7.724978] (-) TimerEvent: {}
[7.825179] (-) TimerEvent: {}
[7.925440] (-) TimerEvent: {}
[8.025643] (-) TimerEvent: {}
[8.125842] (-) TimerEvent: {}
[8.216542] (turtlesim) StdoutLine: {'line': b'[100%] \x1b[32m\x1b[1mLinking CXX executable turtlesim_node\x1b[0m\n'}
[8.225932] (-) TimerEvent: {}
[8.326626] (-) TimerEvent: {}
[8.427533] (-) TimerEvent: {}
[8.527777] (-) TimerEvent: {}
[8.632178] (-) TimerEvent: {}
[8.732563] (-) TimerEvent: {}
[8.832801] (-) TimerEvent: {}
[8.907101] (turtlesim) StdoutLine: {'line': b'[100%] Built target turtlesim_node\n'}
[8.912155] (turtlesim) CommandEnded: {'returncode': 0}
[8.913007] (turtlesim) JobProgress: {'identifier': 'turtlesim', 'progress': 'install'}
[8.915740] (turtlesim) Command: {'cmd': ['/usr/bin/cmake', '--install', '/home/danivm/TR-Autonomy-0.5-Daniel-Ticau/build/turtlesim'], 'cwd': '/home/danivm/TR-Autonomy-0.5-Daniel-Ticau/build/turtlesim', 'env': OrderedDict([('LESSOPEN', '| /usr/bin/lesspipe %s'), ('USER', 'danivm'), ('SSH_CLIENT', '10.0.2.2 55847 22'), ('ZED_ENVIRONMENT', 'worktree-shell'), ('XDG_SESSION_TYPE', 'tty'), ('ROS_APT_SOURCE_VERSION', '1.2.0'), ('SHLVL', '2'), ('LD_LIBRARY_PATH', '/opt/ros/humble/opt/rviz_ogre_vendor/lib:/opt/ros/humble/lib/aarch64-linux-gnu:/opt/ros/humble/lib'), ('MOTD_SHOWN', 'pam'), ('HOME', '/home/danivm'), ('OLDPWD', '/home/danivm'), ('TERM_PROGRAM_VERSION', '1.17.2+stable.349.c8e44cfa7bda9b2e22c8d6934d78969352e7f61a'), ('SSH_TTY', '/dev/pts/0'), ('ZED_TERM', 'true'), ('ROS_PYTHON_VERSION', '3'), ('DBUS_SESSION_BUS_ADDRESS', 'unix:path=/run/user/1000/bus'), ('COLORTERM', 'truecolor'), ('ROS_DISTRO', 'humble'), ('LOGNAME', 'danivm'), ('_', '/usr/bin/colcon'), ('ROS_VERSION', '2'), ('XDG_SESSION_CLASS', 'user'), ('TERM', 'xterm-256color'), ('XDG_SESSION_ID', '2'), ('ROS_LOCALHOST_ONLY', '0'), ('PATH', '/opt/ros/humble/bin:/usr/local/sbin:/usr/local/bin:/usr/sbin:/usr/bin:/sbin:/bin:/usr/games:/usr/local/games:/snap/bin'), ('XDG_RUNTIME_DIR', '/run/user/1000'), ('LANG', 'en_US.UTF-8'), ('LS_COLORS', 'rs=0:di=01;34:ln=01;36:mh=00:pi=40;33:so=01;35:do=01;35:bd=40;33;01:cd=40;33;01:or=40;31;01:mi=00:su=37;41:sg=30;43:ca=30;41:tw=30;42:ow=34;42:st=37;44:ex=01;32:*.tar=01;31:*.tgz=01;31:*.arc=01;31:*.arj=01;31:*.taz=01;31:*.lha=01;31:*.lz4=01;31:*.lzh=01;31:*.lzma=01;31:*.tlz=01;31:*.txz=01;31:*.tzo=01;31:*.t7z=01;31:*.zip=01;31:*.z=01;31:*.dz=01;31:*.gz=01;31:*.lrz=01;31:*.lz=01;31:*.lzo=01;31:*.xz=01;31:*.zst=01;31:*.tzst=01;31:*.bz2=01;31:*.bz=01;31:*.tbz=01;31:*.tbz2=01;31:*.tz=01;31:*.deb=01;31:*.rpm=01;31:*.jar=01;31:*.war=01;31:*.ear=01;31:*.sar=01;31:*.rar=01;31:*.alz=01;31:*.ace=01;31:*.zoo=01;31:*.cpio=01;31:*.7z=01;31:*.rz=01;31:*.cab=01;31:*.wim=01;31:*.swm=01;31:*.dwm=01;31:*.esd=01;31:*.jpg=01;35:*.jpeg=01;35:*.mjpg=01;35:*.mjpeg=01;35:*.gif=01;35:*.bmp=01;35:*.pbm=01;35:*.pgm=01;35:*.ppm=01;35:*.tga=01;35:*.xbm=01;35:*.xpm=01;35:*.tif=01;35:*.tiff=01;35:*.png=01;35:*.svg=01;35:*.svgz=01;35:*.mng=01;35:*.pcx=01;35:*.mov=01;35:*.mpg=01;35:*.mpeg=01;35:*.m2v=01;35:*.mkv=01;35:*.webm=01;35:*.webp=01;35:*.ogm=01;35:*.mp4=01;35:*.m4v=01;35:*.mp4v=01;35:*.vob=01;35:*.qt=01;35:*.nuv=01;35:*.wmv=01;35:*.asf=01;35:*.rm=01;35:*.rmvb=01;35:*.flc=01;35:*.avi=01;35:*.fli=01;35:*.flv=01;35:*.gl=01;35:*.dl=01;35:*.xcf=01;35:*.xwd=01;35:*.yuv=01;35:*.cgm=01;35:*.emf=01;35:*.ogv=01;35:*.ogx=01;35:*.aac=00;36:*.au=00;36:*.flac=00;36:*.m4a=00;36:*.mid=00;36:*.midi=00;36:*.mka=00;36:*.mp3=00;36:*.mpc=00;36:*.ogg=00;36:*.ra=00;36:*.wav=00;36:*.oga=00;36:*.opus=00;36:*.spx=00;36:*.xspf=00;36:'), ('TERM_PROGRAM', 'zed'), ('AMENT_PREFIX_PATH', '/opt/ros/humble'), ('SHELL', '/bin/bash'), ('LESSCLOSE', '/usr/bin/lesspipe %s %s'), ('PWD', '/home/danivm/TR-Autonomy-0.5-Daniel-Ticau/build/turtlesim'), ('SSH_CONNECTION', '10.0.2.2 55847 10.0.2.15 22'), ('XDG_DATA_DIRS', '/usr/share/gnome:/usr/local/share:/usr/share:/var/lib/snapd/desktop'), ('PYTHONPATH', '/opt/ros/humble/lib/python3.10/site-packages:/opt/ros/humble/local/lib/python3.10/dist-packages'), ('COLCON', '1'), ('CMAKE_PREFIX_PATH', '/opt/ros/humble')]), 'shell': False}
[8.918596] (turtlesim) StdoutLine: {'line': b'-- Install configuration: ""\n'}
[8.918839] (turtlesim) StdoutLine: {'line': b'-- Installing: /home/danivm/TR-Autonomy-0.5-Daniel-Ticau/install/turtlesim/share/ament_index/resource_index/rosidl_interfaces/turtlesim\n'}
[8.918933] (turtlesim) StdoutLine: {'line': b'-- Installing: /home/danivm/TR-Autonomy-0.5-Daniel-Ticau/install/turtlesim/include/turtlesim/turtlesim\n'}
[8.919045] (turtlesim) StdoutLine: {'line': b'-- Installing: /home/danivm/TR-Autonomy-0.5-Daniel-Ticau/install/turtlesim/include/turtlesim/turtlesim/action\n'}
[8.919090] (turtlesim) StdoutLine: {'line': b'-- Installing: /home/danivm/TR-Autonomy-0.5-Daniel-Ticau/install/turtlesim/include/turtlesim/turtlesim/action/detail\n'}
[8.919121] (turtlesim) StdoutLine: {'line': b'-- Installing: /home/danivm/TR-Autonomy-0.5-Daniel-Ticau/install/turtlesim/include/turtlesim/turtlesim/action/detail/rotate_absolute__struct.h\n'}
[8.919551] (turtlesim) StdoutLine: {'line': b'-- Installing: /home/danivm/TR-Autonomy-0.5-Daniel-Ticau/install/turtlesim/include/turtlesim/turtlesim/action/detail/rotate_absolute__functions.c\n'}
[8.919600] (turtlesim) StdoutLine: {'line': b'-- Installing: /home/danivm/TR-Autonomy-0.5-Daniel-Ticau/install/turtlesim/include/turtlesim/turtlesim/action/detail/rotate_absolute__functions.h\n'}
[8.919618] (turtlesim) StdoutLine: {'line': b'-- Installing: /home/danivm/TR-Autonomy-0.5-Daniel-Ticau/install/turtlesim/include/turtlesim/turtlesim/action/detail/rotate_absolute__type_support.h\n'}
[8.919758] (turtlesim) StdoutLine: {'line': b'-- Installing: /home/danivm/TR-Autonomy-0.5-Daniel-Ticau/install/turtlesim/include/turtlesim/turtlesim/action/rotate_absolute.h\n'}
[8.919797] (turtlesim) StdoutLine: {'line': b'-- Installing: /home/danivm/TR-Autonomy-0.5-Daniel-Ticau/install/turtlesim/include/turtlesim/turtlesim/srv\n'}
[8.919993] (turtlesim) StdoutLine: {'line': b'-- Installing: /home/danivm/TR-Autonomy-0.5-Daniel-Ticau/install/turtlesim/include/turtlesim/turtlesim/srv/spawn.h\n'}
[8.920110] (turtlesim) StdoutLine: {'line': b'-- Installing: /home/danivm/TR-Autonomy-0.5-Daniel-Ticau/install/turtlesim/include/turtlesim/turtlesim/srv/kill.h\n'}
[8.920129] (turtlesim) StdoutLine: {'line': b'-- Installing: /home/danivm/TR-Autonomy-0.5-Daniel-Ticau/install/turtlesim/include/turtlesim/turtlesim/srv/detail\n'}
[8.920146] (turtlesim) StdoutLine: {'line': b'-- Installing: /home/danivm/TR-Autonomy-0.5-Daniel-Ticau/install/turtlesim/include/turtlesim/turtlesim/srv/detail/teleport_absolute__functions.h\n'}
[8.920223] (turtlesim) StdoutLine: {'line': b'-- Installing: /home/danivm/TR-Autonomy-0.5-Daniel-Ticau/install/turtlesim/include/turtlesim/turtlesim/srv/detail/teleport_relative__functions.c\n'}
[8.920335] (turtlesim) StdoutLine: {'line': b'-- Installing: /home/danivm/TR-Autonomy-0.5-Daniel-Ticau/install/turtlesim/include/turtlesim/turtlesim/srv/detail/spawn__struct.h\n'}
[8.920356] (turtlesim) StdoutLine: {'line': b'-- Installing: /home/danivm/TR-Autonomy-0.5-Daniel-Ticau/install/turtlesim/include/turtlesim/turtlesim/srv/detail/kill__type_support.h\n'}
[8.920385] (turtlesim) StdoutLine: {'line': b'-- Installing: /home/danivm/TR-Autonomy-0.5-Daniel-Ticau/install/turtlesim/include/turtlesim/turtlesim/srv/detail/teleport_relative__functions.h\n'}
[8.920488] (turtlesim) StdoutLine: {'line': b'-- Installing: /home/danivm/TR-Autonomy-0.5-Daniel-Ticau/install/turtlesim/include/turtlesim/turtlesim/srv/detail/set_pen__functions.h\n'}
[8.920529] (turtlesim) StdoutLine: {'line': b'-- Installing: /home/danivm/TR-Autonomy-0.5-Daniel-Ticau/install/turtlesim/include/turtlesim/turtlesim/srv/detail/kill__functions.c\n'}
[8.920588] (turtlesim) StdoutLine: {'line': b'-- Installing: /home/danivm/TR-Autonomy-0.5-Daniel-Ticau/install/turtlesim/include/turtlesim/turtlesim/srv/detail/spawn__functions.h\n'}
[8.920615] (turtlesim) StdoutLine: {'line': b'-- Installing: /home/danivm/TR-Autonomy-0.5-Daniel-Ticau/install/turtlesim/include/turtlesim/turtlesim/srv/detail/teleport_relative__type_support.h\n'}
[8.920721] (turtlesim) StdoutLine: {'line': b'-- Installing: /home/danivm/TR-Autonomy-0.5-Daniel-Ticau/install/turtlesim/include/turtlesim/turtlesim/srv/detail/spawn__type_support.h\n'}
[8.920797] (turtlesim) StdoutLine: {'line': b'-- Installing: /home/danivm/TR-Autonomy-0.5-Daniel-Ticau/install/turtlesim/include/turtlesim/turtlesim/srv/detail/teleport_absolute__struct.h\n'}
[8.920815] (turtlesim) StdoutLine: {'line': b'-- Installing: /home/danivm/TR-Autonomy-0.5-Daniel-Ticau/install/turtlesim/include/turtlesim/turtlesim/srv/detail/kill__struct.h\n'}
[8.920833] (turtlesim) StdoutLine: {'line': b'-- Installing: /home/danivm/TR-Autonomy-0.5-Daniel-Ticau/install/turtlesim/include/turtlesim/turtlesim/srv/detail/teleport_absolute__type_support.h\n'}
[8.920972] (turtlesim) StdoutLine: {'line': b'-- Installing: /home/danivm/TR-Autonomy-0.5-Daniel-Ticau/install/turtlesim/include/turtlesim/turtlesim/srv/detail/set_pen__functions.c\n'}
[8.921008] (turtlesim) StdoutLine: {'line': b'-- Installing: /home/danivm/TR-Autonomy-0.5-Daniel-Ticau/install/turtlesim/include/turtlesim/turtlesim/srv/detail/spawn__functions.c\n'}
[8.921101] (turtlesim) StdoutLine: {'line': b'-- Installing: /home/danivm/TR-Autonomy-0.5-Daniel-Ticau/install/turtlesim/include/turtlesim/turtlesim/srv/detail/kill__functions.h\n'}
[8.921141] (turtlesim) StdoutLine: {'line': b'-- Installing: /home/danivm/TR-Autonomy-0.5-Daniel-Ticau/install/turtlesim/include/turtlesim/turtlesim/srv/detail/teleport_relative__struct.h\n'}
[8.921246] (turtlesim) StdoutLine: {'line': b'-- Installing: /home/danivm/TR-Autonomy-0.5-Daniel-Ticau/install/turtlesim/include/turtlesim/turtlesim/srv/detail/teleport_absolute__functions.c\n'}
[8.921380] (turtlesim) StdoutLine: {'line': b'-- Installing: /home/danivm/TR-Autonomy-0.5-Daniel-Ticau/install/turtlesim/include/turtlesim/turtlesim/srv/detail/set_pen__struct.h\n'}
[8.921556] (turtlesim) StdoutLine: {'line': b'-- Installing: /home/danivm/TR-Autonomy-0.5-Daniel-Ticau/install/turtlesim/include/turtlesim/turtlesim/srv/detail/set_pen__type_support.h\n'}
[8.921594] (turtlesim) StdoutLine: {'line': b'-- Installing: /home/danivm/TR-Autonomy-0.5-Daniel-Ticau/install/turtlesim/include/turtlesim/turtlesim/srv/set_pen.h\n'}
[8.921612] (turtlesim) StdoutLine: {'line': b'-- Installing: /home/danivm/TR-Autonomy-0.5-Daniel-Ticau/install/turtlesim/include/turtlesim/turtlesim/srv/teleport_absolute.h\n'}
[8.921688] (turtlesim) StdoutLine: {'line': b'-- Installing: /home/danivm/TR-Autonomy-0.5-Daniel-Ticau/install/turtlesim/include/turtlesim/turtlesim/srv/teleport_relative.h\n'}
[8.921847] (turtlesim) StdoutLine: {'line': b'-- Installing: /home/danivm/TR-Autonomy-0.5-Daniel-Ticau/install/turtlesim/include/turtlesim/turtlesim/msg\n'}
[8.921887] (turtlesim) StdoutLine: {'line': b'-- Installing: /home/danivm/TR-Autonomy-0.5-Daniel-Ticau/install/turtlesim/include/turtlesim/turtlesim/msg/color.h\n'}
[8.922099] (turtlesim) StdoutLine: {'line': b'-- Installing: /home/danivm/TR-Autonomy-0.5-Daniel-Ticau/install/turtlesim/include/turtlesim/turtlesim/msg/pose.h\n'}
[8.922224] (turtlesim) StdoutLine: {'line': b'-- Installing: /home/danivm/TR-Autonomy-0.5-Daniel-Ticau/install/turtlesim/include/turtlesim/turtlesim/msg/detail\n'}
[8.922267] (turtlesim) StdoutLine: {'line': b'-- Installing: /home/danivm/TR-Autonomy-0.5-Daniel-Ticau/install/turtlesim/include/turtlesim/turtlesim/msg/detail/pose__type_support.h\n'}
[8.922283] (turtlesim) StdoutLine: {'line': b'-- Installing: /home/danivm/TR-Autonomy-0.5-Daniel-Ticau/install/turtlesim/include/turtlesim/turtlesim/msg/detail/pose__functions.h\n'}
[8.922406] (turtlesim) StdoutLine: {'line': b'-- Installing: /home/danivm/TR-Autonomy-0.5-Daniel-Ticau/install/turtlesim/include/turtlesim/turtlesim/msg/detail/color__type_support.h\n'}
[8.922444] (turtlesim) StdoutLine: {'line': b'-- Installing: /home/danivm/TR-Autonomy-0.5-Daniel-Ticau/install/turtlesim/include/turtlesim/turtlesim/msg/detail/color__functions.c\n'}
[8.922569] (turtlesim) StdoutLine: {'line': b'-- Installing: /home/danivm/TR-Autonomy-0.5-Daniel-Ticau/install/turtlesim/include/turtlesim/turtlesim/msg/detail/color__functions.h\n'}
[8.922613] (turtlesim) StdoutLine: {'line': b'-- Installing: /home/danivm/TR-Autonomy-0.5-Daniel-Ticau/install/turtlesim/include/turtlesim/turtlesim/msg/detail/pose__struct.h\n'}
[8.922705] (turtlesim) StdoutLine: {'line': b'-- Installing: /home/danivm/TR-Autonomy-0.5-Daniel-Ticau/install/turtlesim/include/turtlesim/turtlesim/msg/detail/pose__functions.c\n'}
[8.922828] (turtlesim) StdoutLine: {'line': b'-- Installing: /home/danivm/TR-Autonomy-0.5-Daniel-Ticau/install/turtlesim/include/turtlesim/turtlesim/msg/detail/color__struct.h\n'}
[8.922874] (turtlesim) StdoutLine: {'line': b'-- Installing: /home/danivm/TR-Autonomy-0.5-Daniel-Ticau/install/turtlesim/include/turtlesim/turtlesim/msg/rosidl_generator_c__visibility_control.h\n'}
[8.923060] (turtlesim) StdoutLine: {'line': b'-- Installing: /home/danivm/TR-Autonomy-0.5-Daniel-Ticau/install/turtlesim/share/turtlesim/environment/library_path.sh\n'}
[8.923296] (turtlesim) StdoutLine: {'line': b'-- Installing: /home/danivm/TR-Autonomy-0.5-Daniel-Ticau/install/turtlesim/share/turtlesim/environment/library_path.dsv\n'}
[8.923455] (turtlesim) StdoutLine: {'line': b'-- Installing: /home/danivm/TR-Autonomy-0.5-Daniel-Ticau/install/turtlesim/lib/libturtlesim__rosidl_generator_c.so\n'}
[8.923904] (turtlesim) StdoutLine: {'line': b'-- Set runtime path of "/home/danivm/TR-Autonomy-0.5-Daniel-Ticau/install/turtlesim/lib/libturtlesim__rosidl_generator_c.so" to ""\n'}
[8.924087] (turtlesim) StdoutLine: {'line': b'-- Up-to-date: /home/danivm/TR-Autonomy-0.5-Daniel-Ticau/install/turtlesim/include/turtlesim/turtlesim\n'}
[8.924180] (turtlesim) StdoutLine: {'line': b'-- Up-to-date: /home/danivm/TR-Autonomy-0.5-Daniel-Ticau/install/turtlesim/include/turtlesim/turtlesim/action\n'}
[8.924203] (turtlesim) StdoutLine: {'line': b'-- Up-to-date: /home/danivm/TR-Autonomy-0.5-Daniel-Ticau/install/turtlesim/include/turtlesim/turtlesim/action/detail\n'}
[8.924219] (turtlesim) StdoutLine: {'line': b'-- Installing: /home/danivm/TR-Autonomy-0.5-Daniel-Ticau/install/turtlesim/include/turtlesim/turtlesim/action/detail/rotate_absolute__rosidl_typesupport_fastrtps_c.h\n'}
[8.924284] (turtlesim) StdoutLine: {'line': b'-- Up-to-date: /home/danivm/TR-Autonomy-0.5-Daniel-Ticau/install/turtlesim/include/turtlesim/turtlesim/srv\n'}
[8.924382] (turtlesim) StdoutLine: {'line': b'-- Up-to-date: /home/danivm/TR-Autonomy-0.5-Daniel-Ticau/install/turtlesim/include/turtlesim/turtlesim/srv/detail\n'}
[8.924479] (turtlesim) StdoutLine: {'line': b'-- Installing: /home/danivm/TR-Autonomy-0.5-Daniel-Ticau/install/turtlesim/include/turtlesim/turtlesim/srv/detail/set_pen__rosidl_typesupport_fastrtps_c.h\n'}
[8.924508] (turtlesim) StdoutLine: {'line': b'-- Installing: /home/danivm/TR-Autonomy-0.5-Daniel-Ticau/install/turtlesim/include/turtlesim/turtlesim/srv/detail/kill__rosidl_typesupport_fastrtps_c.h\n'}
[8.924642] (turtlesim) StdoutLine: {'line': b'-- Installing: /home/danivm/TR-Autonomy-0.5-Daniel-Ticau/install/turtlesim/include/turtlesim/turtlesim/srv/detail/spawn__rosidl_typesupport_fastrtps_c.h\n'}
[8.924669] (turtlesim) StdoutLine: {'line': b'-- Installing: /home/danivm/TR-Autonomy-0.5-Daniel-Ticau/install/turtlesim/include/turtlesim/turtlesim/srv/detail/teleport_relative__rosidl_typesupport_fastrtps_c.h\n'}
[8.924798] (turtlesim) StdoutLine: {'line': b'-- Installing: /home/danivm/TR-Autonomy-0.5-Daniel-Ticau/install/turtlesim/include/turtlesim/turtlesim/srv/detail/teleport_absolute__rosidl_typesupport_fastrtps_c.h\n'}
[8.924984] (turtlesim) StdoutLine: {'line': b'-- Up-to-date: /home/danivm/TR-Autonomy-0.5-Daniel-Ticau/install/turtlesim/include/turtlesim/turtlesim/msg\n'}
[8.925020] (turtlesim) StdoutLine: {'line': b'-- Up-to-date: /home/danivm/TR-Autonomy-0.5-Daniel-Ticau/install/turtlesim/include/turtlesim/turtlesim/msg/detail\n'}
[8.925129] (turtlesim) StdoutLine: {'line': b'-- Installing: /home/danivm/TR-Autonomy-0.5-Daniel-Ticau/install/turtlesim/include/turtlesim/turtlesim/msg/detail/pose__rosidl_typesupport_fastrtps_c.h\n'}
[8.925185] (turtlesim) StdoutLine: {'line': b'-- Installing: /home/danivm/TR-Autonomy-0.5-Daniel-Ticau/install/turtlesim/include/turtlesim/turtlesim/msg/detail/color__rosidl_typesupport_fastrtps_c.h\n'}
[8.925371] (turtlesim) StdoutLine: {'line': b'-- Installing: /home/danivm/TR-Autonomy-0.5-Daniel-Ticau/install/turtlesim/include/turtlesim/turtlesim/msg/rosidl_typesupport_fastrtps_c__visibility_control.h\n'}
[8.925403] (turtlesim) StdoutLine: {'line': b'-- Installing: /home/danivm/TR-Autonomy-0.5-Daniel-Ticau/install/turtlesim/lib/libturtlesim__rosidl_typesupport_fastrtps_c.so\n'}
[8.925924] (turtlesim) StdoutLine: {'line': b'-- Set runtime path of "/home/danivm/TR-Autonomy-0.5-Daniel-Ticau/install/turtlesim/lib/libturtlesim__rosidl_typesupport_fastrtps_c.so" to ""\n'}
[8.925958] (turtlesim) StdoutLine: {'line': b'-- Up-to-date: /home/danivm/TR-Autonomy-0.5-Daniel-Ticau/install/turtlesim/include/turtlesim/turtlesim\n'}
[8.925975] (turtlesim) StdoutLine: {'line': b'-- Up-to-date: /home/danivm/TR-Autonomy-0.5-Daniel-Ticau/install/turtlesim/include/turtlesim/turtlesim/action\n'}
[8.926060] (turtlesim) StdoutLine: {'line': b'-- Up-to-date: /home/danivm/TR-Autonomy-0.5-Daniel-Ticau/install/turtlesim/include/turtlesim/turtlesim/action/detail\n'}
[8.926097] (turtlesim) StdoutLine: {'line': b'-- Installing: /home/danivm/TR-Autonomy-0.5-Daniel-Ticau/install/turtlesim/include/turtlesim/turtlesim/action/detail/rotate_absolute__type_support.hpp\n'}
[8.926114] (turtlesim) StdoutLine: {'line': b'-- Installing: /home/danivm/TR-Autonomy-0.5-Daniel-Ticau/install/turtlesim/include/turtlesim/turtlesim/action/detail/rotate_absolute__traits.hpp\n'}
[8.926254] (turtlesim) StdoutLine: {'line': b'-- Installing: /home/danivm/TR-Autonomy-0.5-Daniel-Ticau/install/turtlesim/include/turtlesim/turtlesim/action/detail/rotate_absolute__struct.hpp\n'}
[8.926284] (turtlesim) StdoutLine: {'line': b'-- Installing: /home/danivm/TR-Autonomy-0.5-Daniel-Ticau/install/turtlesim/include/turtlesim/turtlesim/action/detail/rotate_absolute__builder.hpp\n'}
[8.926299] (turtlesim) StdoutLine: {'line': b'-- Installing: /home/danivm/TR-Autonomy-0.5-Daniel-Ticau/install/turtlesim/include/turtlesim/turtlesim/action/rotate_absolute.hpp\n'}
[8.926425] (turtlesim) StdoutLine: {'line': b'-- Up-to-date: /home/danivm/TR-Autonomy-0.5-Daniel-Ticau/install/turtlesim/include/turtlesim/turtlesim/srv\n'}
[8.926444] (turtlesim) StdoutLine: {'line': b'-- Installing: /home/danivm/TR-Autonomy-0.5-Daniel-Ticau/install/turtlesim/include/turtlesim/turtlesim/srv/teleport_relative.hpp\n'}
[8.926472] (turtlesim) StdoutLine: {'line': b'-- Installing: /home/danivm/TR-Autonomy-0.5-Daniel-Ticau/install/turtlesim/include/turtlesim/turtlesim/srv/kill.hpp\n'}
[8.926490] (turtlesim) StdoutLine: {'line': b'-- Installing: /home/danivm/TR-Autonomy-0.5-Daniel-Ticau/install/turtlesim/include/turtlesim/turtlesim/srv/teleport_absolute.hpp\n'}
[8.926524] (turtlesim) StdoutLine: {'line': b'-- Up-to-date: /home/danivm/TR-Autonomy-0.5-Daniel-Ticau/install/turtlesim/include/turtlesim/turtlesim/srv/detail\n'}
[8.926546] (turtlesim) StdoutLine: {'line': b'-- Installing: /home/danivm/TR-Autonomy-0.5-Daniel-Ticau/install/turtlesim/include/turtlesim/turtlesim/srv/detail/spawn__traits.hpp\n'}
[8.926568] (turtlesim) StdoutLine: {'line': b'-- Installing: /home/danivm/TR-Autonomy-0.5-Daniel-Ticau/install/turtlesim/include/turtlesim/turtlesim/srv/detail/teleport_relative__type_support.hpp\n'}
[8.926641] (turtlesim) StdoutLine: {'line': b'-- Installing: /home/danivm/TR-Autonomy-0.5-Daniel-Ticau/install/turtlesim/include/turtlesim/turtlesim/srv/detail/teleport_absolute__struct.hpp\n'}
[8.926677] (turtlesim) StdoutLine: {'line': b'-- Installing: /home/danivm/TR-Autonomy-0.5-Daniel-Ticau/install/turtlesim/include/turtlesim/turtlesim/srv/detail/set_pen__type_support.hpp\n'}
[8.926728] (turtlesim) StdoutLine: {'line': b'-- Installing: /home/danivm/TR-Autonomy-0.5-Daniel-Ticau/install/turtlesim/include/turtlesim/turtlesim/srv/detail/spawn__struct.hpp\n'}
[8.926753] (turtlesim) StdoutLine: {'line': b'-- Installing: /home/danivm/TR-Autonomy-0.5-Daniel-Ticau/install/turtlesim/include/turtlesim/turtlesim/srv/detail/kill__builder.hpp\n'}
[8.926775] (turtlesim) StdoutLine: {'line': b'-- Installing: /home/danivm/TR-Autonomy-0.5-Daniel-Ticau/install/turtlesim/include/turtlesim/turtlesim/srv/detail/teleport_absolute__builder.hpp\n'}
[8.926803] (turtlesim) StdoutLine: {'line': b'-- Installing: /home/danivm/TR-Autonomy-0.5-Daniel-Ticau/install/turtlesim/include/turtlesim/turtlesim/srv/detail/kill__traits.hpp\n'}
[8.926874] (turtlesim) StdoutLine: {'line': b'-- Installing: /home/danivm/TR-Autonomy-0.5-Daniel-Ticau/install/turtlesim/include/turtlesim/turtlesim/srv/detail/teleport_relative__struct.hpp\n'}
[8.926958] (turtlesim) StdoutLine: {'line': b'-- Installing: /home/danivm/TR-Autonomy-0.5-Daniel-Ticau/install/turtlesim/include/turtlesim/turtlesim/srv/detail/set_pen__builder.hpp\n'}
[8.926979] (turtlesim) StdoutLine: {'line': b'-- Installing: /home/danivm/TR-Autonomy-0.5-Daniel-Ticau/install/turtlesim/include/turtlesim/turtlesim/srv/detail/set_pen__traits.hpp\n'}
[8.927019] (turtlesim) StdoutLine: {'line': b'-- Installing: /home/danivm/TR-Autonomy-0.5-Daniel-Ticau/install/turtlesim/include/turtlesim/turtlesim/srv/detail/kill__type_support.hpp\n'}
[8.927049] (turtlesim) StdoutLine: {'line': b'-- Installing: /home/danivm/TR-Autonomy-0.5-Daniel-Ticau/install/turtlesim/include/turtlesim/turtlesim/srv/detail/teleport_absolute__type_support.hpp\n'}
[8.927155] (turtlesim) StdoutLine: {'line': b'-- Installing: /home/danivm/TR-Autonomy-0.5-Daniel-Ticau/install/turtlesim/include/turtlesim/turtlesim/srv/detail/teleport_absolute__traits.hpp\n'}
[8.927250] (turtlesim) StdoutLine: {'line': b'-- Installing: /home/danivm/TR-Autonomy-0.5-Daniel-Ticau/install/turtlesim/include/turtlesim/turtlesim/srv/detail/spawn__builder.hpp\n'}
[8.927299] (turtlesim) StdoutLine: {'line': b'-- Installing: /home/danivm/TR-Autonomy-0.5-Daniel-Ticau/install/turtlesim/include/turtlesim/turtlesim/srv/detail/spawn__type_support.hpp\n'}
[8.927321] (turtlesim) StdoutLine: {'line': b'-- Installing: /home/danivm/TR-Autonomy-0.5-Daniel-Ticau/install/turtlesim/include/turtlesim/turtlesim/srv/detail/kill__struct.hpp\n'}
[8.927344] (turtlesim) StdoutLine: {'line': b'-- Installing: /home/danivm/TR-Autonomy-0.5-Daniel-Ticau/install/turtlesim/include/turtlesim/turtlesim/srv/detail/teleport_relative__traits.hpp\n'}
[8.927419] (turtlesim) StdoutLine: {'line': b'-- Installing: /home/danivm/TR-Autonomy-0.5-Daniel-Ticau/install/turtlesim/include/turtlesim/turtlesim/srv/detail/set_pen__struct.hpp\n'}
[8.927444] (turtlesim) StdoutLine: {'line': b'-- Installing: /home/danivm/TR-Autonomy-0.5-Daniel-Ticau/install/turtlesim/include/turtlesim/turtlesim/srv/detail/teleport_relative__builder.hpp\n'}
[8.927460] (turtlesim) StdoutLine: {'line': b'-- Installing: /home/danivm/TR-Autonomy-0.5-Daniel-Ticau/install/turtlesim/include/turtlesim/turtlesim/srv/spawn.hpp\n'}
[8.927481] (turtlesim) StdoutLine: {'line': b'-- Installing: /home/danivm/TR-Autonomy-0.5-Daniel-Ticau/install/turtlesim/include/turtlesim/turtlesim/srv/set_pen.hpp\n'}
[8.927524] (turtlesim) StdoutLine: {'line': b'-- Up-to-date: /home/danivm/TR-Autonomy-0.5-Daniel-Ticau/install/turtlesim/include/turtlesim/turtlesim/msg\n'}
[8.927543] (turtlesim) StdoutLine: {'line': b'-- Installing: /home/danivm/TR-Autonomy-0.5-Daniel-Ticau/install/turtlesim/include/turtlesim/turtlesim/msg/color.hpp\n'}
[8.927566] (turtlesim) StdoutLine: {'line': b'-- Up-to-date: /home/danivm/TR-Autonomy-0.5-Daniel-Ticau/install/turtlesim/include/turtlesim/turtlesim/msg/detail\n'}
[8.927588] (turtlesim) StdoutLine: {'line': b'-- Installing: /home/danivm/TR-Autonomy-0.5-Daniel-Ticau/install/turtlesim/include/turtlesim/turtlesim/msg/detail/pose__type_support.hpp\n'}
[8.927613] (turtlesim) StdoutLine: {'line': b'-- Installing: /home/danivm/TR-Autonomy-0.5-Daniel-Ticau/install/turtlesim/include/turtlesim/turtlesim/msg/detail/color__struct.hpp\n'}
[8.927645] (turtlesim) StdoutLine: {'line': b'-- Installing: /home/danivm/TR-Autonomy-0.5-Daniel-Ticau/install/turtlesim/include/turtlesim/turtlesim/msg/detail/color__traits.hpp\n'}
[8.927717] (turtlesim) StdoutLine: {'line': b'-- Installing: /home/danivm/TR-Autonomy-0.5-Daniel-Ticau/install/turtlesim/include/turtlesim/turtlesim/msg/detail/pose__traits.hpp\n'}
[8.927759] (turtlesim) StdoutLine: {'line': b'-- Installing: /home/danivm/TR-Autonomy-0.5-Daniel-Ticau/install/turtlesim/include/turtlesim/turtlesim/msg/detail/color__builder.hpp\n'}
[8.927823] (turtlesim) StdoutLine: {'line': b'-- Installing: /home/danivm/TR-Autonomy-0.5-Daniel-Ticau/install/turtlesim/include/turtlesim/turtlesim/msg/detail/pose__struct.hpp\n'}
[8.927850] (turtlesim) StdoutLine: {'line': b'-- Installing: /home/danivm/TR-Autonomy-0.5-Daniel-Ticau/install/turtlesim/include/turtlesim/turtlesim/msg/detail/pose__builder.hpp\n'}
[8.927976] (turtlesim) StdoutLine: {'line': b'-- Installing: /home/danivm/TR-Autonomy-0.5-Daniel-Ticau/install/turtlesim/include/turtlesim/turtlesim/msg/detail/color__type_support.hpp\n'}
[8.928096] (turtlesim) StdoutLine: {'line': b'-- Installing: /home/danivm/TR-Autonomy-0.5-Daniel-Ticau/install/turtlesim/include/turtlesim/turtlesim/msg/pose.hpp\n'}
[8.928114] (turtlesim) StdoutLine: {'line': b'-- Installing: /home/danivm/TR-Autonomy-0.5-Daniel-Ticau/install/turtlesim/include/turtlesim/turtlesim/msg/rosidl_generator_cpp__visibility_control.hpp\n'}
[8.928136] (turtlesim) StdoutLine: {'line': b'-- Up-to-date: /home/danivm/TR-Autonomy-0.5-Daniel-Ticau/install/turtlesim/include/turtlesim/turtlesim\n'}
[8.928187] (turtlesim) StdoutLine: {'line': b'-- Up-to-date: /home/danivm/TR-Autonomy-0.5-Daniel-Ticau/install/turtlesim/include/turtlesim/turtlesim/action\n'}
[8.928204] (turtlesim) StdoutLine: {'line': b'-- Up-to-date: /home/danivm/TR-Autonomy-0.5-Daniel-Ticau/install/turtlesim/include/turtlesim/turtlesim/action/detail\n'}
[8.928220] (turtlesim) StdoutLine: {'line': b'-- Installing: /home/danivm/TR-Autonomy-0.5-Daniel-Ticau/install/turtlesim/include/turtlesim/turtlesim/action/detail/dds_fastrtps\n'}
[8.928236] (turtlesim) StdoutLine: {'line': b'-- Installing: /home/danivm/TR-Autonomy-0.5-Daniel-Ticau/install/turtlesim/include/turtlesim/turtlesim/action/detail/rotate_absolute__rosidl_typesupport_fastrtps_cpp.hpp\n'}
[8.928346] (turtlesim) StdoutLine: {'line': b'-- Up-to-date: /home/danivm/TR-Autonomy-0.5-Daniel-Ticau/install/turtlesim/include/turtlesim/turtlesim/srv\n'}
[8.928369] (turtlesim) StdoutLine: {'line': b'-- Up-to-date: /home/danivm/TR-Autonomy-0.5-Daniel-Ticau/install/turtlesim/include/turtlesim/turtlesim/srv/detail\n'}
[8.928396] (turtlesim) StdoutLine: {'line': b'-- Installing: /home/danivm/TR-Autonomy-0.5-Daniel-Ticau/install/turtlesim/include/turtlesim/turtlesim/srv/detail/kill__rosidl_typesupport_fastrtps_cpp.hpp\n'}
[8.928497] (turtlesim) StdoutLine: {'line': b'-- Installing: /home/danivm/TR-Autonomy-0.5-Daniel-Ticau/install/turtlesim/include/turtlesim/turtlesim/srv/detail/set_pen__rosidl_typesupport_fastrtps_cpp.hpp\n'}
[8.928529] (turtlesim) StdoutLine: {'line': b'-- Installing: /home/danivm/TR-Autonomy-0.5-Daniel-Ticau/install/turtlesim/include/turtlesim/turtlesim/srv/detail/dds_fastrtps\n'}
[8.928549] (turtlesim) StdoutLine: {'line': b'-- Installing: /home/danivm/TR-Autonomy-0.5-Daniel-Ticau/install/turtlesim/include/turtlesim/turtlesim/srv/detail/teleport_absolute__rosidl_typesupport_fastrtps_cpp.hpp\n'}
[8.928638] (turtlesim) StdoutLine: {'line': b'-- Installing: /home/danivm/TR-Autonomy-0.5-Daniel-Ticau/install/turtlesim/include/turtlesim/turtlesim/srv/detail/teleport_relative__rosidl_typesupport_fastrtps_cpp.hpp\n'}
[8.928795] (turtlesim) StdoutLine: {'line': b'-- Installing: /home/danivm/TR-Autonomy-0.5-Daniel-Ticau/install/turtlesim/include/turtlesim/turtlesim/srv/detail/spawn__rosidl_typesupport_fastrtps_cpp.hpp\n'}
[8.928915] (turtlesim) StdoutLine: {'line': b'-- Up-to-date: /home/danivm/TR-Autonomy-0.5-Daniel-Ticau/install/turtlesim/include/turtlesim/turtlesim/msg\n'}
[8.928972] (turtlesim) StdoutLine: {'line': b'-- Installing: /home/danivm/TR-Autonomy-0.5-Daniel-Ticau/install/turtlesim/include/turtlesim/turtlesim/msg/rosidl_typesupport_fastrtps_cpp__visibility_control.h\n'}
[8.929065] (turtlesim) StdoutLine: {'line': b'-- Up-to-date: /home/danivm/TR-Autonomy-0.5-Daniel-Ticau/install/turtlesim/include/turtlesim/turtlesim/msg/detail\n'}
[8.929114] (turtlesim) StdoutLine: {'line': b'-- Installing: /home/danivm/TR-Autonomy-0.5-Daniel-Ticau/install/turtlesim/include/turtlesim/turtlesim/msg/detail/pose__rosidl_typesupport_fastrtps_cpp.hpp\n'}
[8.929242] (turtlesim) StdoutLine: {'line': b'-- Installing: /home/danivm/TR-Autonomy-0.5-Daniel-Ticau/install/turtlesim/include/turtlesim/turtlesim/msg/detail/dds_fastrtps\n'}
[8.929372] (turtlesim) StdoutLine: {'line': b'-- Installing: /home/danivm/TR-Autonomy-0.5-Daniel-Ticau/install/turtlesim/include/turtlesim/turtlesim/msg/detail/color__rosidl_typesupport_fastrtps_cpp.hpp\n'}
[8.929539] (turtlesim) StdoutLine: {'line': b'-- Installing: /home/danivm/TR-Autonomy-0.5-Daniel-Ticau/install/turtlesim/lib/libturtlesim__rosidl_typesupport_fastrtps_cpp.so\n'}
[8.929972] (turtlesim) StdoutLine: {'line': b'-- Set runtime path of "/home/danivm/TR-Autonomy-0.5-Daniel-Ticau/install/turtlesim/lib/libturtlesim__rosidl_typesupport_fastrtps_cpp.so" to ""\n'}
[8.930011] (turtlesim) StdoutLine: {'line': b'-- Up-to-date: /home/danivm/TR-Autonomy-0.5-Daniel-Ticau/install/turtlesim/include/turtlesim/turtlesim\n'}
[8.930028] (turtlesim) StdoutLine: {'line': b'-- Up-to-date: /home/danivm/TR-Autonomy-0.5-Daniel-Ticau/install/turtlesim/include/turtlesim/turtlesim/action\n'}
[8.930084] (turtlesim) StdoutLine: {'line': b'-- Up-to-date: /home/danivm/TR-Autonomy-0.5-Daniel-Ticau/install/turtlesim/include/turtlesim/turtlesim/action/detail\n'}
[8.930099] (turtlesim) StdoutLine: {'line': b'-- Installing: /home/danivm/TR-Autonomy-0.5-Daniel-Ticau/install/turtlesim/include/turtlesim/turtlesim/action/detail/rotate_absolute__rosidl_typesupport_introspection_c.h\n'}
[8.930297] (turtlesim) StdoutLine: {'line': b'-- Installing: /home/danivm/TR-Autonomy-0.5-Daniel-Ticau/install/turtlesim/include/turtlesim/turtlesim/action/detail/rotate_absolute__type_support.c\n'}
[8.930610] (turtlesim) StdoutLine: {'line': b'-- Up-to-date: /home/danivm/TR-Autonomy-0.5-Daniel-Ticau/install/turtlesim/include/turtlesim/turtlesim/srv\n'}
[8.930641] (turtlesim) StdoutLine: {'line': b'-- Up-to-date: /home/danivm/TR-Autonomy-0.5-Daniel-Ticau/install/turtlesim/include/turtlesim/turtlesim/srv/detail\n'}
[8.930666] (turtlesim) StdoutLine: {'line': b'-- Installing: /home/danivm/TR-Autonomy-0.5-Daniel-Ticau/install/turtlesim/include/turtlesim/turtlesim/srv/detail/teleport_absolute__rosidl_typesupport_introspection_c.h\n'}
[8.930767] (turtlesim) StdoutLine: {'line': b'-- Installing: /home/danivm/TR-Autonomy-0.5-Daniel-Ticau/install/turtlesim/include/turtlesim/turtlesim/srv/detail/spawn__type_support.c\n'}
[8.930943] (turtlesim) StdoutLine: {'line': b'-- Installing: /home/danivm/TR-Autonomy-0.5-Daniel-Ticau/install/turtlesim/include/turtlesim/turtlesim/srv/detail/teleport_absolute__type_support.c\n'}
[8.931008] (turtlesim) StdoutLine: {'line': b'-- Installing: /home/danivm/TR-Autonomy-0.5-Daniel-Ticau/install/turtlesim/include/turtlesim/turtlesim/srv/detail/set_pen__rosidl_typesupport_introspection_c.h\n'}
[8.931322] (turtlesim) StdoutLine: {'line': b'-- Installing: /home/danivm/TR-Autonomy-0.5-Daniel-Ticau/install/turtlesim/include/turtlesim/turtlesim/srv/detail/set_pen__type_support.c\n'}
[8.931501] (turtlesim) StdoutLine: {'line': b'-- Installing: /home/danivm/TR-Autonomy-0.5-Daniel-Ticau/install/turtlesim/include/turtlesim/turtlesim/srv/detail/kill__type_support.c\n'}
[8.931656] (turtlesim) StdoutLine: {'line': b'-- Installing: /home/danivm/TR-Autonomy-0.5-Daniel-Ticau/install/turtlesim/include/turtlesim/turtlesim/srv/detail/kill__rosidl_typesupport_introspection_c.h\n'}
[8.931749] (turtlesim) StdoutLine: {'line': b'-- Installing: /home/danivm/TR-Autonomy-0.5-Daniel-Ticau/install/turtlesim/include/turtlesim/turtlesim/srv/detail/spawn__rosidl_typesupport_introspection_c.h\n'}
[8.931887] (turtlesim) StdoutLine: {'line': b'-- Installing: /home/danivm/TR-Autonomy-0.5-Daniel-Ticau/install/turtlesim/include/turtlesim/turtlesim/srv/detail/teleport_relative__type_support.c\n'}
[8.932030] (turtlesim) StdoutLine: {'line': b'-- Installing: /home/danivm/TR-Autonomy-0.5-Daniel-Ticau/install/turtlesim/include/turtlesim/turtlesim/srv/detail/teleport_relative__rosidl_typesupport_introspection_c.h\n'}
[8.932154] (turtlesim) StdoutLine: {'line': b'-- Up-to-date: /home/danivm/TR-Autonomy-0.5-Daniel-Ticau/install/turtlesim/include/turtlesim/turtlesim/msg\n'}
[8.932186] (turtlesim) StdoutLine: {'line': b'-- Installing: /home/danivm/TR-Autonomy-0.5-Daniel-Ticau/install/turtlesim/include/turtlesim/turtlesim/msg/rosidl_typesupport_introspection_c__visibility_control.h\n'}
[8.932203] (turtlesim) StdoutLine: {'line': b'-- Up-to-date: /home/danivm/TR-Autonomy-0.5-Daniel-Ticau/install/turtlesim/include/turtlesim/turtlesim/msg/detail\n'}
[8.932305] (turtlesim) StdoutLine: {'line': b'-- Installing: /home/danivm/TR-Autonomy-0.5-Daniel-Ticau/install/turtlesim/include/turtlesim/turtlesim/msg/detail/color__rosidl_typesupport_introspection_c.h\n'}
[8.932427] (turtlesim) StdoutLine: {'line': b'-- Installing: /home/danivm/TR-Autonomy-0.5-Daniel-Ticau/install/turtlesim/include/turtlesim/turtlesim/msg/detail/pose__rosidl_typesupport_introspection_c.h\n'}
[8.932608] (turtlesim) StdoutLine: {'line': b'-- Installing: /home/danivm/TR-Autonomy-0.5-Daniel-Ticau/install/turtlesim/include/turtlesim/turtlesim/msg/detail/pose__type_support.c\n'}
[8.932718] (turtlesim) StdoutLine: {'line': b'-- Installing: /home/danivm/TR-Autonomy-0.5-Daniel-Ticau/install/turtlesim/include/turtlesim/turtlesim/msg/detail/color__type_support.c\n'}
[8.932882] (-) TimerEvent: {}
[8.933126] (turtlesim) StdoutLine: {'line': b'-- Installing: /home/danivm/TR-Autonomy-0.5-Daniel-Ticau/install/turtlesim/lib/libturtlesim__rosidl_typesupport_introspection_c.so\n'}
[8.933388] (turtlesim) StdoutLine: {'line': b'-- Set runtime path of "/home/danivm/TR-Autonomy-0.5-Daniel-Ticau/install/turtlesim/lib/libturtlesim__rosidl_typesupport_introspection_c.so" to ""\n'}
[8.933438] (turtlesim) StdoutLine: {'line': b'-- Installing: /home/danivm/TR-Autonomy-0.5-Daniel-Ticau/install/turtlesim/lib/libturtlesim__rosidl_typesupport_c.so\n'}
[8.933799] (turtlesim) StdoutLine: {'line': b'-- Set runtime path of "/home/danivm/TR-Autonomy-0.5-Daniel-Ticau/install/turtlesim/lib/libturtlesim__rosidl_typesupport_c.so" to ""\n'}
[8.934027] (turtlesim) StdoutLine: {'line': b'-- Up-to-date: /home/danivm/TR-Autonomy-0.5-Daniel-Ticau/install/turtlesim/include/turtlesim/turtlesim\n'}
[8.934059] (turtlesim) StdoutLine: {'line': b'-- Up-to-date: /home/danivm/TR-Autonomy-0.5-Daniel-Ticau/install/turtlesim/include/turtlesim/turtlesim/action\n'}
[8.934078] (turtlesim) StdoutLine: {'line': b'-- Up-to-date: /home/danivm/TR-Autonomy-0.5-Daniel-Ticau/install/turtlesim/include/turtlesim/turtlesim/action/detail\n'}
[8.934094] (turtlesim) StdoutLine: {'line': b'-- Installing: /home/danivm/TR-Autonomy-0.5-Daniel-Ticau/install/turtlesim/include/turtlesim/turtlesim/action/detail/rotate_absolute__rosidl_typesupport_introspection_cpp.hpp\n'}
[8.934109] (turtlesim) StdoutLine: {'line': b'-- Installing: /home/danivm/TR-Autonomy-0.5-Daniel-Ticau/install/turtlesim/include/turtlesim/turtlesim/action/detail/rotate_absolute__type_support.cpp\n'}
[8.934427] (turtlesim) StdoutLine: {'line': b'-- Up-to-date: /home/danivm/TR-Autonomy-0.5-Daniel-Ticau/install/turtlesim/include/turtlesim/turtlesim/srv\n'}
[8.934464] (turtlesim) StdoutLine: {'line': b'-- Up-to-date: /home/danivm/TR-Autonomy-0.5-Daniel-Ticau/install/turtlesim/include/turtlesim/turtlesim/srv/detail\n'}
[8.934481] (turtlesim) StdoutLine: {'line': b'-- Installing: /home/danivm/TR-Autonomy-0.5-Daniel-Ticau/install/turtlesim/include/turtlesim/turtlesim/srv/detail/spawn__type_support.cpp\n'}
[8.934779] (turtlesim) StdoutLine: {'line': b'-- Installing: /home/danivm/TR-Autonomy-0.5-Daniel-Ticau/install/turtlesim/include/turtlesim/turtlesim/srv/detail/kill__type_support.cpp\n'}
[8.934996] (turtlesim) StdoutLine: {'line': b'-- Installing: /home/danivm/TR-Autonomy-0.5-Daniel-Ticau/install/turtlesim/include/turtlesim/turtlesim/srv/detail/set_pen__type_support.cpp\n'}
[8.935030] (turtlesim) StdoutLine: {'line': b'-- Installing: /home/danivm/TR-Autonomy-0.5-Daniel-Ticau/install/turtlesim/include/turtlesim/turtlesim/srv/detail/teleport_absolute__rosidl_typesupport_introspection_cpp.hpp\n'}
[8.935126] (turtlesim) StdoutLine: {'line': b'-- Installing: /home/danivm/TR-Autonomy-0.5-Daniel-Ticau/install/turtlesim/include/turtlesim/turtlesim/srv/detail/teleport_relative__rosidl_typesupport_introspection_cpp.hpp\n'}
[8.935466] (turtlesim) StdoutLine: {'line': b'-- Installing: /home/danivm/TR-Autonomy-0.5-Daniel-Ticau/install/turtlesim/include/turtlesim/turtlesim/srv/detail/teleport_absolute__type_support.cpp\n'}
[8.935558] (turtlesim) StdoutLine: {'line': b'-- Installing: /home/danivm/TR-Autonomy-0.5-Daniel-Ticau/install/turtlesim/include/turtlesim/turtlesim/srv/detail/teleport_relative__type_support.cpp\n'}
[8.935867] (turtlesim) StdoutLine: {'line': b'-- Installing: /home/danivm/TR-Autonomy-0.5-Daniel-Ticau/install/turtlesim/include/turtlesim/turtlesim/srv/detail/set_pen__rosidl_typesupport_introspection_cpp.hpp\n'}
[8.936023] (turtlesim) StdoutLine: {'line': b'-- Installing: /home/danivm/TR-Autonomy-0.5-Daniel-Ticau/install/turtlesim/include/turtlesim/turtlesim/srv/detail/kill__rosidl_typesupport_introspection_cpp.hpp\n'}
[8.936277] (turtlesim) StdoutLine: {'line': b'-- Installing: /home/danivm/TR-Autonomy-0.5-Daniel-Ticau/install/turtlesim/include/turtlesim/turtlesim/srv/detail/spawn__rosidl_typesupport_introspection_cpp.hpp\n'}
[8.936392] (turtlesim) StdoutLine: {'line': b'-- Up-to-date: /home/danivm/TR-Autonomy-0.5-Daniel-Ticau/install/turtlesim/include/turtlesim/turtlesim/msg\n'}
[8.936467] (turtlesim) StdoutLine: {'line': b'-- Up-to-date: /home/danivm/TR-Autonomy-0.5-Daniel-Ticau/install/turtlesim/include/turtlesim/turtlesim/msg/detail\n'}
[8.936643] (turtlesim) StdoutLine: {'line': b'-- Installing: /home/danivm/TR-Autonomy-0.5-Daniel-Ticau/install/turtlesim/include/turtlesim/turtlesim/msg/detail/pose__type_support.cpp\n'}
[8.936661] (turtlesim) StdoutLine: {'line': b'-- Installing: /home/danivm/TR-Autonomy-0.5-Daniel-Ticau/install/turtlesim/include/turtlesim/turtlesim/msg/detail/color__rosidl_typesupport_introspection_cpp.hpp\n'}
[8.936844] (turtlesim) StdoutLine: {'line': b'-- Installing: /home/danivm/TR-Autonomy-0.5-Daniel-Ticau/install/turtlesim/include/turtlesim/turtlesim/msg/detail/color__type_support.cpp\n'}
[8.937020] (turtlesim) StdoutLine: {'line': b'-- Installing: /home/danivm/TR-Autonomy-0.5-Daniel-Ticau/install/turtlesim/include/turtlesim/turtlesim/msg/detail/pose__rosidl_typesupport_introspection_cpp.hpp\n'}
[8.937324] (turtlesim) StdoutLine: {'line': b'-- Installing: /home/danivm/TR-Autonomy-0.5-Daniel-Ticau/install/turtlesim/lib/libturtlesim__rosidl_typesupport_introspection_cpp.so\n'}
[8.938060] (turtlesim) StdoutLine: {'line': b'-- Set runtime path of "/home/danivm/TR-Autonomy-0.5-Daniel-Ticau/install/turtlesim/lib/libturtlesim__rosidl_typesupport_introspection_cpp.so" to ""\n'}
[8.938087] (turtlesim) StdoutLine: {'line': b'-- Installing: /home/danivm/TR-Autonomy-0.5-Daniel-Ticau/install/turtlesim/lib/libturtlesim__rosidl_typesupport_cpp.so\n'}
[8.938436] (turtlesim) StdoutLine: {'line': b'-- Set runtime path of "/home/danivm/TR-Autonomy-0.5-Daniel-Ticau/install/turtlesim/lib/libturtlesim__rosidl_typesupport_cpp.so" to ""\n'}
[8.938468] (turtlesim) StdoutLine: {'line': b'-- Installing: /home/danivm/TR-Autonomy-0.5-Daniel-Ticau/install/turtlesim/share/turtlesim/environment/pythonpath.sh\n'}
[8.938731] (turtlesim) StdoutLine: {'line': b'-- Installing: /home/danivm/TR-Autonomy-0.5-Daniel-Ticau/install/turtlesim/share/turtlesim/environment/pythonpath.dsv\n'}
[8.938837] (turtlesim) StdoutLine: {'line': b'-- Installing: /home/danivm/TR-Autonomy-0.5-Daniel-Ticau/install/turtlesim/local/lib/python3.10/dist-packages/turtlesim-1.4.3-py3.10.egg-info\n'}
[8.938869] (turtlesim) StdoutLine: {'line': b'-- Installing: /home/danivm/TR-Autonomy-0.5-Daniel-Ticau/install/turtlesim/local/lib/python3.10/dist-packages/turtlesim-1.4.3-py3.10.egg-info/PKG-INFO\n'}
[8.938948] (turtlesim) StdoutLine: {'line': b'-- Installing: /home/danivm/TR-Autonomy-0.5-Daniel-Ticau/install/turtlesim/local/lib/python3.10/dist-packages/turtlesim-1.4.3-py3.10.egg-info/top_level.txt\n'}
[8.939317] (turtlesim) StdoutLine: {'line': b'-- Installing: /home/danivm/TR-Autonomy-0.5-Daniel-Ticau/install/turtlesim/local/lib/python3.10/dist-packages/turtlesim-1.4.3-py3.10.egg-info/dependency_links.txt\n'}
[8.939531] (turtlesim) StdoutLine: {'line': b'-- Installing: /home/danivm/TR-Autonomy-0.5-Daniel-Ticau/install/turtlesim/local/lib/python3.10/dist-packages/turtlesim-1.4.3-py3.10.egg-info/SOURCES.txt\n'}
[8.939635] (turtlesim) StdoutLine: {'line': b'-- Installing: /home/danivm/TR-Autonomy-0.5-Daniel-Ticau/install/turtlesim/local/lib/python3.10/dist-packages/turtlesim\n'}
[8.939674] (turtlesim) StdoutLine: {'line': b'-- Installing: /home/danivm/TR-Autonomy-0.5-Daniel-Ticau/install/turtlesim/local/lib/python3.10/dist-packages/turtlesim/action\n'}
[8.939831] (turtlesim) StdoutLine: {'line': b'-- Installing: /home/danivm/TR-Autonomy-0.5-Daniel-Ticau/install/turtlesim/local/lib/python3.10/dist-packages/turtlesim/action/_rotate_absolute.py\n'}
[8.940130] (turtlesim) StdoutLine: {'line': b'-- Installing: /home/danivm/TR-Autonomy-0.5-Daniel-Ticau/install/turtlesim/local/lib/python3.10/dist-packages/turtlesim/action/_rotate_absolute_s.c\n'}
[8.940436] (turtlesim) StdoutLine: {'line': b'-- Installing: /home/danivm/TR-Autonomy-0.5-Daniel-Ticau/install/turtlesim/local/lib/python3.10/dist-packages/turtlesim/action/__init__.py\n'}
[8.940731] (turtlesim) StdoutLine: {'line': b'-- Installing: /home/danivm/TR-Autonomy-0.5-Daniel-Ticau/install/turtlesim/local/lib/python3.10/dist-packages/turtlesim/turtlesim_s__rosidl_typesupport_fastrtps_c.cpython-310-aarch64-linux-gnu.so\n'}
[8.940757] (turtlesim) StdoutLine: {'line': b'-- Installing: /home/danivm/TR-Autonomy-0.5-Daniel-Ticau/install/turtlesim/local/lib/python3.10/dist-packages/turtlesim/libturtlesim__rosidl_generator_py.so\n'}
[8.940848] (turtlesim) StdoutLine: {'line': b'-- Installing: /home/danivm/TR-Autonomy-0.5-Daniel-Ticau/install/turtlesim/local/lib/python3.10/dist-packages/turtlesim/_turtlesim_s.ep.rosidl_typesupport_fastrtps_c.c\n'}
[8.941191] (turtlesim) StdoutLine: {'line': b'-- Installing: /home/danivm/TR-Autonomy-0.5-Daniel-Ticau/install/turtlesim/local/lib/python3.10/dist-packages/turtlesim/turtlesim_s__rosidl_typesupport_c.cpython-310-aarch64-linux-gnu.so\n'}
[8.941220] (turtlesim) StdoutLine: {'line': b'-- Installing: /home/danivm/TR-Autonomy-0.5-Daniel-Ticau/install/turtlesim/local/lib/python3.10/dist-packages/turtlesim/srv\n'}
[8.941237] (turtlesim) StdoutLine: {'line': b'-- Installing: /home/danivm/TR-Autonomy-0.5-Daniel-Ticau/install/turtlesim/local/lib/python3.10/dist-packages/turtlesim/srv/_teleport_relative.py\n'}
[8.941467] (turtlesim) StdoutLine: {'line': b'-- Installing: /home/danivm/TR-Autonomy-0.5-Daniel-Ticau/install/turtlesim/local/lib/python3.10/dist-packages/turtlesim/srv/_set_pen_s.c\n'}
[8.941592] (turtlesim) StdoutLine: {'line': b'-- Installing: /home/danivm/TR-Autonomy-0.5-Daniel-Ticau/install/turtlesim/local/lib/python3.10/dist-packages/turtlesim/srv/_teleport_absolute_s.c\n'}
[8.942637] (turtlesim) StdoutLine: {'line': b'-- Installing: /home/danivm/TR-Autonomy-0.5-Daniel-Ticau/install/turtlesim/local/lib/python3.10/dist-packages/turtlesim/srv/_teleport_relative_s.c\n'}
[8.943153] (turtlesim) StdoutLine: {'line': b'-- Installing: /home/danivm/TR-Autonomy-0.5-Daniel-Ticau/install/turtlesim/local/lib/python3.10/dist-packages/turtlesim/srv/_spawn_s.c\n'}
[8.943172] (turtlesim) StdoutLine: {'line': b'-- Installing: /home/danivm/TR-Autonomy-0.5-Daniel-Ticau/install/turtlesim/local/lib/python3.10/dist-packages/turtlesim/srv/_kill.py\n'}
[8.943258] (turtlesim) StdoutLine: {'line': b'-- Installing: /home/danivm/TR-Autonomy-0.5-Daniel-Ticau/install/turtlesim/local/lib/python3.10/dist-packages/turtlesim/srv/_kill_s.c\n'}
[8.943279] (turtlesim) StdoutLine: {'line': b'-- Installing: /home/danivm/TR-Autonomy-0.5-Daniel-Ticau/install/turtlesim/local/lib/python3.10/dist-packages/turtlesim/srv/_set_pen.py\n'}
[8.943386] (turtlesim) StdoutLine: {'line': b'-- Installing: /home/danivm/TR-Autonomy-0.5-Daniel-Ticau/install/turtlesim/local/lib/python3.10/dist-packages/turtlesim/srv/_spawn.py\n'}
[8.943422] (turtlesim) StdoutLine: {'line': b'-- Installing: /home/danivm/TR-Autonomy-0.5-Daniel-Ticau/install/turtlesim/local/lib/python3.10/dist-packages/turtlesim/srv/_teleport_absolute.py\n'}
[8.943442] (turtlesim) StdoutLine: {'line': b'-- Installing: /home/danivm/TR-Autonomy-0.5-Daniel-Ticau/install/turtlesim/local/lib/python3.10/dist-packages/turtlesim/srv/__init__.py\n'}
[8.943577] (turtlesim) StdoutLine: {'line': b'-- Installing: /home/danivm/TR-Autonomy-0.5-Daniel-Ticau/install/turtlesim/local/lib/python3.10/dist-packages/turtlesim/msg\n'}
[8.943707] (turtlesim) StdoutLine: {'line': b'-- Installing: /home/danivm/TR-Autonomy-0.5-Daniel-Ticau/install/turtlesim/local/lib/python3.10/dist-packages/turtlesim/msg/_pose.py\n'}
[8.943797] (turtlesim) StdoutLine: {'line': b'-- Installing: /home/danivm/TR-Autonomy-0.5-Daniel-Ticau/install/turtlesim/local/lib/python3.10/dist-packages/turtlesim/msg/_color_s.c\n'}
[8.943982] (turtlesim) StdoutLine: {'line': b'-- Installing: /home/danivm/TR-Autonomy-0.5-Daniel-Ticau/install/turtlesim/local/lib/python3.10/dist-packages/turtlesim/msg/_pose_s.c\n'}
[8.944274] (turtlesim) StdoutLine: {'line': b'-- Installing: /home/danivm/TR-Autonomy-0.5-Daniel-Ticau/install/turtlesim/local/lib/python3.10/dist-packages/turtlesim/msg/_color.py\n'}
[8.944303] (turtlesim) StdoutLine: {'line': b'-- Installing: /home/danivm/TR-Autonomy-0.5-Daniel-Ticau/install/turtlesim/local/lib/python3.10/dist-packages/turtlesim/msg/__init__.py\n'}
[8.944318] (turtlesim) StdoutLine: {'line': b'-- Installing: /home/danivm/TR-Autonomy-0.5-Daniel-Ticau/install/turtlesim/local/lib/python3.10/dist-packages/turtlesim/turtlesim_s__rosidl_typesupport_introspection_c.cpython-310-aarch64-linux-gnu.so\n'}
[8.944446] (turtlesim) StdoutLine: {'line': b'-- Installing: /home/danivm/TR-Autonomy-0.5-Daniel-Ticau/install/turtlesim/local/lib/python3.10/dist-packages/turtlesim/_turtlesim_s.ep.rosidl_typesupport_introspection_c.c\n'}
[8.944863] (turtlesim) StdoutLine: {'line': b'-- Installing: /home/danivm/TR-Autonomy-0.5-Daniel-Ticau/install/turtlesim/local/lib/python3.10/dist-packages/turtlesim/_turtlesim_s.ep.rosidl_typesupport_c.c\n'}
[8.945167] (turtlesim) StdoutLine: {'line': b'-- Installing: /home/danivm/TR-Autonomy-0.5-Daniel-Ticau/install/turtlesim/local/lib/python3.10/dist-packages/turtlesim/__init__.py\n'}
[8.974954] (turtlesim) StdoutLine: {'line': b"Listing '/home/danivm/TR-Autonomy-0.5-Daniel-Ticau/install/turtlesim/local/lib/python3.10/dist-packages/turtlesim'...\n"}
[8.975072] (turtlesim) StdoutLine: {'line': b"Compiling '/home/danivm/TR-Autonomy-0.5-Daniel-Ticau/install/turtlesim/local/lib/python3.10/dist-packages/turtlesim/__init__.py'...\n"}
[8.975108] (turtlesim) StdoutLine: {'line': b"Listing '/home/danivm/TR-Autonomy-0.5-Daniel-Ticau/install/turtlesim/local/lib/python3.10/dist-packages/turtlesim/action'...\n"}
[8.975132] (turtlesim) StdoutLine: {'line': b"Compiling '/home/danivm/TR-Autonomy-0.5-Daniel-Ticau/install/turtlesim/local/lib/python3.10/dist-packages/turtlesim/action/__init__.py'...\n"}
[8.975149] (turtlesim) StdoutLine: {'line': b"Compiling '/home/danivm/TR-Autonomy-0.5-Daniel-Ticau/install/turtlesim/local/lib/python3.10/dist-packages/turtlesim/action/_rotate_absolute.py'...\n"}
[8.975172] (turtlesim) StdoutLine: {'line': b"Listing '/home/danivm/TR-Autonomy-0.5-Daniel-Ticau/install/turtlesim/local/lib/python3.10/dist-packages/turtlesim/msg'...\n"}
[8.975290] (turtlesim) StdoutLine: {'line': b"Compiling '/home/danivm/TR-Autonomy-0.5-Daniel-Ticau/install/turtlesim/local/lib/python3.10/dist-packages/turtlesim/msg/__init__.py'...\n"}
[8.975316] (turtlesim) StdoutLine: {'line': b"Compiling '/home/danivm/TR-Autonomy-0.5-Daniel-Ticau/install/turtlesim/local/lib/python3.10/dist-packages/turtlesim/msg/_color.py'...\n"}
[8.975342] (turtlesim) StdoutLine: {'line': b"Compiling '/home/danivm/TR-Autonomy-0.5-Daniel-Ticau/install/turtlesim/local/lib/python3.10/dist-packages/turtlesim/msg/_pose.py'...\n"}
[8.975358] (turtlesim) StdoutLine: {'line': b"Listing '/home/danivm/TR-Autonomy-0.5-Daniel-Ticau/install/turtlesim/local/lib/python3.10/dist-packages/turtlesim/srv'...\n"}
[8.975373] (turtlesim) StdoutLine: {'line': b"Compiling '/home/danivm/TR-Autonomy-0.5-Daniel-Ticau/install/turtlesim/local/lib/python3.10/dist-packages/turtlesim/srv/__init__.py'...\n"}
[8.975388] (turtlesim) StdoutLine: {'line': b"Compiling '/home/danivm/TR-Autonomy-0.5-Daniel-Ticau/install/turtlesim/local/lib/python3.10/dist-packages/turtlesim/srv/_kill.py'...\n"}
[8.975403] (turtlesim) StdoutLine: {'line': b"Compiling '/home/danivm/TR-Autonomy-0.5-Daniel-Ticau/install/turtlesim/local/lib/python3.10/dist-packages/turtlesim/srv/_set_pen.py'...\n"}
[8.975424] (turtlesim) StdoutLine: {'line': b"Compiling '/home/danivm/TR-Autonomy-0.5-Daniel-Ticau/install/turtlesim/local/lib/python3.10/dist-packages/turtlesim/srv/_spawn.py'...\n"}
[8.975439] (turtlesim) StdoutLine: {'line': b"Compiling '/home/danivm/TR-Autonomy-0.5-Daniel-Ticau/install/turtlesim/local/lib/python3.10/dist-packages/turtlesim/srv/_teleport_absolute.py'...\n"}
[8.975454] (turtlesim) StdoutLine: {'line': b"Compiling '/home/danivm/TR-Autonomy-0.5-Daniel-Ticau/install/turtlesim/local/lib/python3.10/dist-packages/turtlesim/srv/_teleport_relative.py'...\n"}
[8.976991] (turtlesim) StdoutLine: {'line': b'-- Installing: /home/danivm/TR-Autonomy-0.5-Daniel-Ticau/install/turtlesim/local/lib/python3.10/dist-packages/turtlesim/turtlesim_s__rosidl_typesupport_fastrtps_c.cpython-310-aarch64-linux-gnu.so\n'}
[8.977133] (turtlesim) StdoutLine: {'line': b'-- Set runtime path of "/home/danivm/TR-Autonomy-0.5-Daniel-Ticau/install/turtlesim/local/lib/python3.10/dist-packages/turtlesim/turtlesim_s__rosidl_typesupport_fastrtps_c.cpython-310-aarch64-linux-gnu.so" to ""\n'}
[8.977227] (turtlesim) StdoutLine: {'line': b'-- Installing: /home/danivm/TR-Autonomy-0.5-Daniel-Ticau/install/turtlesim/local/lib/python3.10/dist-packages/turtlesim/turtlesim_s__rosidl_typesupport_introspection_c.cpython-310-aarch64-linux-gnu.so\n'}
[8.977380] (turtlesim) StdoutLine: {'line': b'-- Set runtime path of "/home/danivm/TR-Autonomy-0.5-Daniel-Ticau/install/turtlesim/local/lib/python3.10/dist-packages/turtlesim/turtlesim_s__rosidl_typesupport_introspection_c.cpython-310-aarch64-linux-gnu.so" to ""\n'}
[8.977478] (turtlesim) StdoutLine: {'line': b'-- Installing: /home/danivm/TR-Autonomy-0.5-Daniel-Ticau/install/turtlesim/local/lib/python3.10/dist-packages/turtlesim/turtlesim_s__rosidl_typesupport_c.cpython-310-aarch64-linux-gnu.so\n'}
[8.977591] (turtlesim) StdoutLine: {'line': b'-- Set runtime path of "/home/danivm/TR-Autonomy-0.5-Daniel-Ticau/install/turtlesim/local/lib/python3.10/dist-packages/turtlesim/turtlesim_s__rosidl_typesupport_c.cpython-310-aarch64-linux-gnu.so" to ""\n'}
[8.977632] (turtlesim) StdoutLine: {'line': b'-- Installing: /home/danivm/TR-Autonomy-0.5-Daniel-Ticau/install/turtlesim/lib/libturtlesim__rosidl_generator_py.so\n'}
[8.977745] (turtlesim) StdoutLine: {'line': b'-- Set runtime path of "/home/danivm/TR-Autonomy-0.5-Daniel-Ticau/install/turtlesim/lib/libturtlesim__rosidl_generator_py.so" to ""\n'}
[8.977783] (turtlesim) StdoutLine: {'line': b'-- Installing: /home/danivm/TR-Autonomy-0.5-Daniel-Ticau/install/turtlesim/share/ament_index/resource_index/rust_packages/turtlesim\n'}
[8.977946] (turtlesim) StdoutLine: {'line': b'-- Installing: /home/danivm/TR-Autonomy-0.5-Daniel-Ticau/install/turtlesim/share/turtlesim/rust\n'}
[8.977978] (turtlesim) StdoutLine: {'line': b'-- Installing: /home/danivm/TR-Autonomy-0.5-Daniel-Ticau/install/turtlesim/share/turtlesim/rust/Cargo.toml\n'}
[8.978115] (turtlesim) StdoutLine: {'line': b'-- Installing: /home/danivm/TR-Autonomy-0.5-Daniel-Ticau/install/turtlesim/share/turtlesim/rust/build.rs\n'}
[8.978347] (turtlesim) StdoutLine: {'line': b'-- Installing: /home/danivm/TR-Autonomy-0.5-Daniel-Ticau/install/turtlesim/share/turtlesim/rust/src\n'}
[8.978452] (turtlesim) StdoutLine: {'line': b'-- Installing: /home/danivm/TR-Autonomy-0.5-Daniel-Ticau/install/turtlesim/share/turtlesim/rust/src/action\n'}
[8.978488] (turtlesim) StdoutLine: {'line': b'-- Installing: /home/danivm/TR-Autonomy-0.5-Daniel-Ticau/install/turtlesim/share/turtlesim/rust/src/action/rmw.rs\n'}
[8.978579] (turtlesim) StdoutLine: {'line': b'-- Installing: /home/danivm/TR-Autonomy-0.5-Daniel-Ticau/install/turtlesim/share/turtlesim/rust/src/action.rs\n'}
[8.978838] (turtlesim) StdoutLine: {'line': b'-- Installing: /home/danivm/TR-Autonomy-0.5-Daniel-Ticau/install/turtlesim/share/turtlesim/rust/src/lib.rs\n'}
[8.979033] (turtlesim) StdoutLine: {'line': b'-- Installing: /home/danivm/TR-Autonomy-0.5-Daniel-Ticau/install/turtlesim/share/turtlesim/rust/src/msg.rs\n'}
[8.979321] (turtlesim) StdoutLine: {'line': b'-- Installing: /home/danivm/TR-Autonomy-0.5-Daniel-Ticau/install/turtlesim/share/turtlesim/rust/src/srv.rs\n'}
[8.979507] (turtlesim) StdoutLine: {'line': b'-- Installing: /home/danivm/TR-Autonomy-0.5-Daniel-Ticau/install/turtlesim/share/turtlesim/rust/src/srv\n'}
[8.979568] (turtlesim) StdoutLine: {'line': b'-- Installing: /home/danivm/TR-Autonomy-0.5-Daniel-Ticau/install/turtlesim/share/turtlesim/rust/src/srv/rmw.rs\n'}
[8.979759] (turtlesim) StdoutLine: {'line': b'-- Installing: /home/danivm/TR-Autonomy-0.5-Daniel-Ticau/install/turtlesim/share/turtlesim/rust/src/msg\n'}
[8.979897] (turtlesim) StdoutLine: {'line': b'-- Installing: /home/danivm/TR-Autonomy-0.5-Daniel-Ticau/install/turtlesim/share/turtlesim/rust/src/msg/rmw.rs\n'}
[8.980041] (turtlesim) StdoutLine: {'line': b'-- Installing: /home/danivm/TR-Autonomy-0.5-Daniel-Ticau/install/turtlesim/share/turtlesim/action/RotateAbsolute.idl\n'}
[8.980094] (turtlesim) StdoutLine: {'line': b'-- Installing: /home/danivm/TR-Autonomy-0.5-Daniel-Ticau/install/turtlesim/share/turtlesim/msg/Color.idl\n'}
[8.980164] (turtlesim) StdoutLine: {'line': b'-- Installing: /home/danivm/TR-Autonomy-0.5-Daniel-Ticau/install/turtlesim/share/turtlesim/msg/Pose.idl\n'}
[8.980212] (turtlesim) StdoutLine: {'line': b'-- Installing: /home/danivm/TR-Autonomy-0.5-Daniel-Ticau/install/turtlesim/share/turtlesim/srv/Kill.idl\n'}
[8.980378] (turtlesim) StdoutLine: {'line': b'-- Installing: /home/danivm/TR-Autonomy-0.5-Daniel-Ticau/install/turtlesim/share/turtlesim/srv/SetPen.idl\n'}
[8.980413] (turtlesim) StdoutLine: {'line': b'-- Installing: /home/danivm/TR-Autonomy-0.5-Daniel-Ticau/install/turtlesim/share/turtlesim/srv/Spawn.idl\n'}
[8.980437] (turtlesim) StdoutLine: {'line': b'-- Installing: /home/danivm/TR-Autonomy-0.5-Daniel-Ticau/install/turtlesim/share/turtlesim/srv/TeleportAbsolute.idl\n'}
[8.980462] (turtlesim) StdoutLine: {'line': b'-- Installing: /home/danivm/TR-Autonomy-0.5-Daniel-Ticau/install/turtlesim/share/turtlesim/srv/TeleportRelative.idl\n'}
[8.980536] (turtlesim) StdoutLine: {'line': b'-- Installing: /home/danivm/TR-Autonomy-0.5-Daniel-Ticau/install/turtlesim/share/turtlesim/action/RotateAbsolute.action\n'}
[8.980790] (turtlesim) StdoutLine: {'line': b'-- Installing: /home/danivm/TR-Autonomy-0.5-Daniel-Ticau/install/turtlesim/share/turtlesim/msg/Color.msg\n'}
[8.980819] (turtlesim) StdoutLine: {'line': b'-- Installing: /home/danivm/TR-Autonomy-0.5-Daniel-Ticau/install/turtlesim/share/turtlesim/msg/Pose.msg\n'}
[8.980907] (turtlesim) StdoutLine: {'line': b'-- Installing: /home/danivm/TR-Autonomy-0.5-Daniel-Ticau/install/turtlesim/share/turtlesim/srv/Kill.srv\n'}
[8.980929] (turtlesim) StdoutLine: {'line': b'-- Installing: /home/danivm/TR-Autonomy-0.5-Daniel-Ticau/install/turtlesim/share/turtlesim/srv/Kill_Request.msg\n'}
[8.980996] (turtlesim) StdoutLine: {'line': b'-- Installing: /home/danivm/TR-Autonomy-0.5-Daniel-Ticau/install/turtlesim/share/turtlesim/srv/Kill_Response.msg\n'}
[8.981106] (turtlesim) StdoutLine: {'line': b'-- Installing: /home/danivm/TR-Autonomy-0.5-Daniel-Ticau/install/turtlesim/share/turtlesim/srv/SetPen.srv\n'}
[8.981128] (turtlesim) StdoutLine: {'line': b'-- Installing: /home/danivm/TR-Autonomy-0.5-Daniel-Ticau/install/turtlesim/share/turtlesim/srv/SetPen_Request.msg\n'}
[8.981290] (turtlesim) StdoutLine: {'line': b'-- Installing: /home/danivm/TR-Autonomy-0.5-Daniel-Ticau/install/turtlesim/share/turtlesim/srv/SetPen_Response.msg\n'}
[8.981309] (turtlesim) StdoutLine: {'line': b'-- Installing: /home/danivm/TR-Autonomy-0.5-Daniel-Ticau/install/turtlesim/share/turtlesim/srv/Spawn.srv\n'}
[8.981426] (turtlesim) StdoutLine: {'line': b'-- Installing: /home/danivm/TR-Autonomy-0.5-Daniel-Ticau/install/turtlesim/share/turtlesim/srv/Spawn_Request.msg\n'}
[8.981612] (turtlesim) StdoutLine: {'line': b'-- Installing: /home/danivm/TR-Autonomy-0.5-Daniel-Ticau/install/turtlesim/share/turtlesim/srv/Spawn_Response.msg\n'}
[8.981692] (turtlesim) StdoutLine: {'line': b'-- Installing: /home/danivm/TR-Autonomy-0.5-Daniel-Ticau/install/turtlesim/share/turtlesim/srv/TeleportAbsolute.srv\n'}
[8.981826] (turtlesim) StdoutLine: {'line': b'-- Installing: /home/danivm/TR-Autonomy-0.5-Daniel-Ticau/install/turtlesim/share/turtlesim/srv/TeleportAbsolute_Request.msg\n'}
[8.981980] (turtlesim) StdoutLine: {'line': b'-- Installing: /home/danivm/TR-Autonomy-0.5-Daniel-Ticau/install/turtlesim/share/turtlesim/srv/TeleportAbsolute_Response.msg\n'}
[8.982141] (turtlesim) StdoutLine: {'line': b'-- Installing: /home/danivm/TR-Autonomy-0.5-Daniel-Ticau/install/turtlesim/share/turtlesim/srv/TeleportRelative.srv\n'}
[8.982331] (turtlesim) StdoutLine: {'line': b'-- Installing: /home/danivm/TR-Autonomy-0.5-Daniel-Ticau/install/turtlesim/share/turtlesim/srv/TeleportRelative_Request.msg\n'}
[8.982430] (turtlesim) StdoutLine: {'line': b'-- Installing: /home/danivm/TR-Autonomy-0.5-Daniel-Ticau/install/turtlesim/share/turtlesim/srv/TeleportRelative_Response.msg\n'}
[8.982502] (turtlesim) StdoutLine: {'line': b'-- Installing: /home/danivm/TR-Autonomy-0.5-Daniel-Ticau/install/turtlesim/lib/turtlesim/turtlesim_node\n'}
[8.985306] (turtlesim) StdoutLine: {'line': b'-- Set runtime path of "/home/danivm/TR-Autonomy-0.5-Daniel-Ticau/install/turtlesim/lib/turtlesim/turtlesim_node" to ""\n'}
[8.985427] (turtlesim) StdoutLine: {'line': b'-- Installing: /home/danivm/TR-Autonomy-0.5-Daniel-Ticau/install/turtlesim/lib/turtlesim/turtle_teleop_key\n'}
[8.986073] (turtlesim) StdoutLine: {'line': b'-- Set runtime path of "/home/danivm/TR-Autonomy-0.5-Daniel-Ticau/install/turtlesim/lib/turtlesim/turtle_teleop_key" to ""\n'}
[8.986202] (turtlesim) StdoutLine: {'line': b'-- Installing: /home/danivm/TR-Autonomy-0.5-Daniel-Ticau/install/turtlesim/lib/turtlesim/draw_square\n'}
[8.987601] (turtlesim) StdoutLine: {'line': b'-- Set runtime path of "/home/danivm/TR-Autonomy-0.5-Daniel-Ticau/install/turtlesim/lib/turtlesim/draw_square" to ""\n'}
[8.987640] (turtlesim) StdoutLine: {'line': b'-- Installing: /home/danivm/TR-Autonomy-0.5-Daniel-Ticau/install/turtlesim/lib/turtlesim/mimic\n'}
[8.988960] (turtlesim) StdoutLine: {'line': b'-- Set runtime path of "/home/danivm/TR-Autonomy-0.5-Daniel-Ticau/install/turtlesim/lib/turtlesim/mimic" to ""\n'}
[8.989168] (turtlesim) StdoutLine: {'line': b'-- Installing: /home/danivm/TR-Autonomy-0.5-Daniel-Ticau/install/turtlesim/share/turtlesim/images\n'}
[8.989214] (turtlesim) StdoutLine: {'line': b'-- Installing: /home/danivm/TR-Autonomy-0.5-Daniel-Ticau/install/turtlesim/share/turtlesim/images/eloquent.png\n'}
[8.989299] (turtlesim) StdoutLine: {'line': b'-- Installing: /home/danivm/TR-Autonomy-0.5-Daniel-Ticau/install/turtlesim/share/turtlesim/images/ardent.png\n'}
[8.989319] (turtlesim) StdoutLine: {'line': b'-- Installing: /home/danivm/TR-Autonomy-0.5-Daniel-Ticau/install/turtlesim/share/turtlesim/images/dashing.png\n'}
[8.989344] (turtlesim) StdoutLine: {'line': b'-- Installing: /home/danivm/TR-Autonomy-0.5-Daniel-Ticau/install/turtlesim/share/turtlesim/images/humble.png\n'}
[8.989362] (turtlesim) StdoutLine: {'line': b'-- Installing: /home/danivm/TR-Autonomy-0.5-Daniel-Ticau/install/turtlesim/share/turtlesim/images/bouncy.png\n'}
[8.989386] (turtlesim) StdoutLine: {'line': b'-- Installing: /home/danivm/TR-Autonomy-0.5-Daniel-Ticau/install/turtlesim/share/turtlesim/images/crystal.png\n'}
[8.989402] (turtlesim) StdoutLine: {'line': b'-- Installing: /home/danivm/TR-Autonomy-0.5-Daniel-Ticau/install/turtlesim/share/turtlesim/images/galactic.png\n'}
[8.989418] (turtlesim) StdoutLine: {'line': b'-- Installing: /home/danivm/TR-Autonomy-0.5-Daniel-Ticau/install/turtlesim/share/turtlesim/images/foxy.png\n'}
[8.989573] (turtlesim) StdoutLine: {'line': b'-- Installing: /home/danivm/TR-Autonomy-0.5-Daniel-Ticau/install/turtlesim/share/turtlesim/images/rolling.png\n'}
[8.989735] (turtlesim) StdoutLine: {'line': b'-- Installing: /home/danivm/TR-Autonomy-0.5-Daniel-Ticau/install/turtlesim/share/turtlesim/launch\n'}
[8.989751] (turtlesim) StdoutLine: {'line': b'-- Installing: /home/danivm/TR-Autonomy-0.5-Daniel-Ticau/install/turtlesim/share/turtlesim/launch/multisim.launch.py\n'}
[8.989767] (turtlesim) StdoutLine: {'line': b'-- Installing: /home/danivm/TR-Autonomy-0.5-Daniel-Ticau/install/turtlesim/share/ament_index/resource_index/package_run_dependencies/turtlesim\n'}
[8.989789] (turtlesim) StdoutLine: {'line': b'-- Installing: /home/danivm/TR-Autonomy-0.5-Daniel-Ticau/install/turtlesim/share/ament_index/resource_index/parent_prefix_path/turtlesim\n'}
[8.989931] (turtlesim) StdoutLine: {'line': b'-- Installing: /home/danivm/TR-Autonomy-0.5-Daniel-Ticau/install/turtlesim/share/turtlesim/environment/ament_prefix_path.sh\n'}
[8.990229] (turtlesim) StdoutLine: {'line': b'-- Installing: /home/danivm/TR-Autonomy-0.5-Daniel-Ticau/install/turtlesim/share/turtlesim/environment/ament_prefix_path.dsv\n'}
[8.990509] (turtlesim) StdoutLine: {'line': b'-- Installing: /home/danivm/TR-Autonomy-0.5-Daniel-Ticau/install/turtlesim/share/turtlesim/environment/path.sh\n'}
[8.990600] (turtlesim) StdoutLine: {'line': b'-- Installing: /home/danivm/TR-Autonomy-0.5-Daniel-Ticau/install/turtlesim/share/turtlesim/environment/path.dsv\n'}
[8.990689] (turtlesim) StdoutLine: {'line': b'-- Installing: /home/danivm/TR-Autonomy-0.5-Daniel-Ticau/install/turtlesim/share/turtlesim/local_setup.bash\n'}
[8.990913] (turtlesim) StdoutLine: {'line': b'-- Installing: /home/danivm/TR-Autonomy-0.5-Daniel-Ticau/install/turtlesim/share/turtlesim/local_setup.sh\n'}
[8.991314] (turtlesim) StdoutLine: {'line': b'-- Installing: /home/danivm/TR-Autonomy-0.5-Daniel-Ticau/install/turtlesim/share/turtlesim/local_setup.zsh\n'}
[8.991351] (turtlesim) StdoutLine: {'line': b'-- Installing: /home/danivm/TR-Autonomy-0.5-Daniel-Ticau/install/turtlesim/share/turtlesim/local_setup.dsv\n'}
[8.991442] (turtlesim) StdoutLine: {'line': b'-- Installing: /home/danivm/TR-Autonomy-0.5-Daniel-Ticau/install/turtlesim/share/turtlesim/package.dsv\n'}
[8.991639] (turtlesim) StdoutLine: {'line': b'-- Installing: /home/danivm/TR-Autonomy-0.5-Daniel-Ticau/install/turtlesim/share/ament_index/resource_index/packages/turtlesim\n'}
[8.991777] (turtlesim) StdoutLine: {'line': b'-- Installing: /home/danivm/TR-Autonomy-0.5-Daniel-Ticau/install/turtlesim/share/turtlesim/cmake/export_turtlesim__rosidl_generator_cExport.cmake\n'}
[8.991901] (turtlesim) StdoutLine: {'line': b'-- Installing: /home/danivm/TR-Autonomy-0.5-Daniel-Ticau/install/turtlesim/share/turtlesim/cmake/export_turtlesim__rosidl_generator_cExport-noconfig.cmake\n'}
[8.992041] (turtlesim) StdoutLine: {'line': b'-- Installing: /home/danivm/TR-Autonomy-0.5-Daniel-Ticau/install/turtlesim/share/turtlesim/cmake/export_turtlesim__rosidl_typesupport_fastrtps_cExport.cmake\n'}
[8.992179] (turtlesim) StdoutLine: {'line': b'-- Installing: /home/danivm/TR-Autonomy-0.5-Daniel-Ticau/install/turtlesim/share/turtlesim/cmake/export_turtlesim__rosidl_typesupport_fastrtps_cExport-noconfig.cmake\n'}
[8.992345] (turtlesim) StdoutLine: {'line': b'-- Installing: /home/danivm/TR-Autonomy-0.5-Daniel-Ticau/install/turtlesim/share/turtlesim/cmake/export_turtlesim__rosidl_generator_cppExport.cmake\n'}
[8.992486] (turtlesim) StdoutLine: {'line': b'-- Installing: /home/danivm/TR-Autonomy-0.5-Daniel-Ticau/install/turtlesim/share/turtlesim/cmake/export_turtlesim__rosidl_typesupport_fastrtps_cppExport.cmake\n'}
[8.992649] (turtlesim) StdoutLine: {'line': b'-- Installing: /home/danivm/TR-Autonomy-0.5-Daniel-Ticau/install/turtlesim/share/turtlesim/cmake/export_turtlesim__rosidl_typesupport_fastrtps_cppExport-noconfig.cmake\n'}
[8.992804] (turtlesim) StdoutLine: {'line': b'-- Installing: /home/danivm/TR-Autonomy-0.5-Daniel-Ticau/install/turtlesim/share/turtlesim/cmake/turtlesim__rosidl_typesupport_introspection_cExport.cmake\n'}
[8.992968] (turtlesim) StdoutLine: {'line': b'-- Installing: /home/danivm/TR-Autonomy-0.5-Daniel-Ticau/install/turtlesim/share/turtlesim/cmake/turtlesim__rosidl_typesupport_introspection_cExport-noconfig.cmake\n'}
[8.993112] (turtlesim) StdoutLine: {'line': b'-- Installing: /home/danivm/TR-Autonomy-0.5-Daniel-Ticau/install/turtlesim/share/turtlesim/cmake/turtlesim__rosidl_typesupport_cExport.cmake\n'}
[8.993257] (turtlesim) StdoutLine: {'line': b'-- Installing: /home/danivm/TR-Autonomy-0.5-Daniel-Ticau/install/turtlesim/share/turtlesim/cmake/turtlesim__rosidl_typesupport_cExport-noconfig.cmake\n'}
[8.993428] (turtlesim) StdoutLine: {'line': b'-- Installing: /home/danivm/TR-Autonomy-0.5-Daniel-Ticau/install/turtlesim/share/turtlesim/cmake/turtlesim__rosidl_typesupport_introspection_cppExport.cmake\n'}
[8.993599] (turtlesim) StdoutLine: {'line': b'-- Installing: /home/danivm/TR-Autonomy-0.5-Daniel-Ticau/install/turtlesim/share/turtlesim/cmake/turtlesim__rosidl_typesupport_introspection_cppExport-noconfig.cmake\n'}
[8.993777] (turtlesim) StdoutLine: {'line': b'-- Installing: /home/danivm/TR-Autonomy-0.5-Daniel-Ticau/install/turtlesim/share/turtlesim/cmake/turtlesim__rosidl_typesupport_cppExport.cmake\n'}
[8.993927] (turtlesim) StdoutLine: {'line': b'-- Installing: /home/danivm/TR-Autonomy-0.5-Daniel-Ticau/install/turtlesim/share/turtlesim/cmake/turtlesim__rosidl_typesupport_cppExport-noconfig.cmake\n'}
[8.994071] (turtlesim) StdoutLine: {'line': b'-- Installing: /home/danivm/TR-Autonomy-0.5-Daniel-Ticau/install/turtlesim/share/turtlesim/cmake/export_turtlesim__rosidl_generator_pyExport.cmake\n'}
[8.994172] (turtlesim) StdoutLine: {'line': b'-- Installing: /home/danivm/TR-Autonomy-0.5-Daniel-Ticau/install/turtlesim/share/turtlesim/cmake/export_turtlesim__rosidl_generator_pyExport-noconfig.cmake\n'}
[8.994437] (turtlesim) StdoutLine: {'line': b'-- Installing: /home/danivm/TR-Autonomy-0.5-Daniel-Ticau/install/turtlesim/share/turtlesim/cmake/rosidl_cmake-extras.cmake\n'}
[8.994608] (turtlesim) StdoutLine: {'line': b'-- Installing: /home/danivm/TR-Autonomy-0.5-Daniel-Ticau/install/turtlesim/share/turtlesim/cmake/ament_cmake_export_dependencies-extras.cmake\n'}
[8.994781] (turtlesim) StdoutLine: {'line': b'-- Installing: /home/danivm/TR-Autonomy-0.5-Daniel-Ticau/install/turtlesim/share/turtlesim/cmake/ament_cmake_export_include_directories-extras.cmake\n'}
[8.994894] (turtlesim) StdoutLine: {'line': b'-- Installing: /home/danivm/TR-Autonomy-0.5-Daniel-Ticau/install/turtlesim/share/turtlesim/cmake/ament_cmake_export_libraries-extras.cmake\n'}
[8.995080] (turtlesim) StdoutLine: {'line': b'-- Installing: /home/danivm/TR-Autonomy-0.5-Daniel-Ticau/install/turtlesim/share/turtlesim/cmake/ament_cmake_export_targets-extras.cmake\n'}
[8.995230] (turtlesim) StdoutLine: {'line': b'-- Installing: /home/danivm/TR-Autonomy-0.5-Daniel-Ticau/install/turtlesim/share/turtlesim/cmake/rosidl_cmake_export_typesupport_targets-extras.cmake\n'}
[8.995388] (turtlesim) StdoutLine: {'line': b'-- Installing: /home/danivm/TR-Autonomy-0.5-Daniel-Ticau/install/turtlesim/share/turtlesim/cmake/rosidl_cmake_export_typesupport_libraries-extras.cmake\n'}
[8.995517] (turtlesim) StdoutLine: {'line': b'-- Installing: /home/danivm/TR-Autonomy-0.5-Daniel-Ticau/install/turtlesim/share/turtlesim/cmake/rosidl_cmake_aggregate_target-extras.cmake\n'}
[8.995628] (turtlesim) StdoutLine: {'line': b'-- Installing: /home/danivm/TR-Autonomy-0.5-Daniel-Ticau/install/turtlesim/share/turtlesim/cmake/turtlesimConfig.cmake\n'}
[8.995769] (turtlesim) StdoutLine: {'line': b'-- Installing: /home/danivm/TR-Autonomy-0.5-Daniel-Ticau/install/turtlesim/share/turtlesim/cmake/turtlesimConfig-version.cmake\n'}
[8.996016] (turtlesim) StdoutLine: {'line': b'-- Installing: /home/danivm/TR-Autonomy-0.5-Daniel-Ticau/install/turtlesim/share/turtlesim/package.xml\n'}
[8.997367] (turtlesim) CommandEnded: {'returncode': 0}
[9.008940] (turtlesim) JobEnded: {'identifier': 'turtlesim', 'rc': 0}
[9.009226] (-) EventReactorShutdown: {}
